SmartPhoneUsagePeriod,SmartPhoneBrand,MainUsagePhone,UsagePeriod,ReasonForBuying,NumApps,DesiredFeature,PurchaseFrequency,Brand,Color,CameraQuality,BatteryLife,OS,Price,ValueForMoney,Recom_Frnd_Fly,Trends,PromotionsAvailable,Call_Text,PrefMsgApp,PaymentGatewayUsage,PriceRange,PhoneDistraction,Country,CountryLiveIn,Age,Top1App,Top2App,Top3App,Top4App,Top5App,Id,avg,minimum,maximum,new1,new2,new3,new4,new5,new6,new7,new8,new9,new10,Prin1,Prin2,Prin3,Prin4,Prin5,Prin6,Prin7,Prin8,Prin9,Prin10,CLUSTER,CLUSNAME
More than 6 years,Motorola,Texting,Night,Features and functions,Nov-35,Battery efficiency,1 - 2 years,1,2,1,1,1,1,1,2,2,2,Text,WhatsApp,Yes,0 - $300,7,India,India,15 - 25,WhatsApp,Appy Geek,YMail,Instagram,Facebook,1,1.4,1,2,-1,1,-1,-1,-1,-1,-1,1,1,1,-3.368424769,1.21734798,-0.14849165,-0.066590996,0.78436533,-0.429894205,-0.01712585,0.555698623,-0.348763062,0.0827213,4,CL7
More than 6 years,Iphone,Surfing the internet,Morning,Features and functions,Nov-35,USB,1 - 2 years,10,8,10,10,10,8,10,8,9,9,Text,WhatsApp,Yes,More than $700,5,Brazil,USA,26 - 35,WhatsApp,Safari,Gallery,Spotify,YouTube,2,9.2,8,10,1,-1,1,1,1,-1,1,-1,-0.166666667,-0.166666667,2.231529355,-1.260579503,0.776030351,-0.930330669,0.945887444,0.700229139,-0.855781819,-0.408948396,-0.258186038,-0.007210421,1,CL6
Between 4 - 6 years,Iphone,Taking pictures,Afternoon,Features and functions,10-Jan,An app that tells you who visits your social midia profiles,3 - 4 years,2,1,3,3,3,3,3,2,3,2,Text,WhatsApp,Yes,$301 - $700,7,Brazil,USA,15 - 25,Instagram,Facebook,Spotify,WhatsApp,Afterlight),3,2.5,1,3,-0.333333333,-1,1,1,1,1,1,-0.333333333,1,-0.333333333,2.230787178,0.743419136,1.217210113,0.010934785,0.186711905,-0.8433441,0.419784121,-1.432511043,-0.063771143,-0.342362751,3,CL5
More than 6 years,Iphone,Texting,Night,Features and functions,36 - 60,Thermometer,1 - 2 years,6,6,10,10,6,10,10,6,7,10,Text,Your phones built in messaging service,Yes,$301 - $700,5,USA,USA,36 - 45,Facebook,Amazon,Waze,Tinder,Grindr,4,8.1,6,10,-1,-1,1,1,-1,1,1,-1,-0.523809524,1,1.93226227,1.759517181,-1.291584266,-0.243217536,0.85388118,-0.300130195,-0.553246112,-0.97081799,1.391603683,-0.863151033,3,CL5
Less than 2 years,Iphone,Social media,Afternoon,Features and functions,10-Jan,S,Over 4 years,2,2,1,1,1,1,1,1,1,1,Text,WhatsApp,Yes,0 - $300,8,Brazil,Brazil,46 - 60,Facebook,Instagram,messanger,WhatsApp,face time,5,1.2,1,2,1,1,-1,-1,-1,-1,-1,-1,-1,-1,-1.710335424,-2.406178119,-2.004203229,0.20451299,-0.557299458,0.485424434,-0.400665287,0.166053895,-0.518490461,0.053749645,2,CL4
More than 6 years,Iphone,Texting,Morning,Features and functions,More than 60,Maxmilhas,3 - 4 years,10,7,9,10,10,8,8,6,7,7,Text,WhatsApp,Don't use it,$301 - $700,10,Brazil,Brazil,36 - 45,WhatsApp,,,,,6,8.2,6,10,1,-0.545454545,0.444444444,1,1,-0.090909091,-0.090909091,-1,-0.545454545,-0.545454545,1.881866637,-1.431574242,-0.048518023,-0.409798907,0.026290615,0.436327223,0.439400669,0.023715406,-0.377833263,-0.287608121,1,CL6
More than 6 years,Iphone,Surfing the internet,Morning,Features and functions,Nov-35,USB,1 - 2 years,10,8,10,10,10,8,10,8,9,9,Text,WhatsApp,Yes,More than $700,5,Brazil,USA,26 - 35,WhatsApp,Safari,Gallery,Spotify,YouTube,7,9.2,8,10,1,-1,1,1,1,-1,1,-1,-0.166666667,-0.166666667,2.231529355,-1.260579503,0.776030351,-0.930330669,0.945887444,0.700229139,-0.855781819,-0.408948396,-0.258186038,-0.007210421,1,CL6
Between 4 - 6 years,Samsung,Social media,Afternoon,Features and functions,Nov-35,Best screens,1 - 2 years,1,1,1,1,1,1,1,1,1,1,Text,WhatsApp,Yes,$301 - $700,9,Brazil,USA,15 - 25,Netflix,hulu,Instagram,WhatsApp,YouTube,8,1,1,1,0,0,0,0,0,0,0,0,0,0,-0.026961378,0.069335711,-0.091920778,0.093364584,-0.006785688,-0.118319192,-0.013274219,-0.091582021,-0.014855215,0.013231187,3,CL5
More than 6 years,Huawei,Calling,Morning,Features and functions,Nov-35,Nn lo so,3 - 4 years,2,2,2,2,2,1,2,1,2,1,Call,WhatsApp,Don't use it,$301 - $700,5,Italy,Italy,26 - 35,FBMessenger,GMaps,WhatsApp,Facebook,meteo,9,1.7,1,2,1,1,1,1,1,-1,1,-1,1,-1,1.242361845,-2.046118644,1.209104609,0.977209335,1.667139552,-0.176197899,-0.540749481,-0.855708687,-1.23485566,-0.219860007,1,CL6
More than 6 years,Samsung,Social media,Night,Features and functions,10-Jan,Wireless charging,3 - 4 years,4,3,10,10,9,10,10,10,1,1,Text,Viber,Don't use it,$301 - $700,5,Montenegro,Italy,15 - 25,Instagram,Viber,WhatsApp,FBMessenger,Facebook,10,6.8,1,10,-0.482758621,-0.655172414,1,1,0.6875,1,1,1,-1,-1,2.365550396,0.53530629,0.710764705,0.718922779,-1.20597866,-1.403637677,-0.601688327,0.526022381,0.645480653,-0.002897054,3,CL5
More than 6 years,Iphone,Social media,Evening,Features and functions,10-Jan,Something that i can use instead of creating passwords for everything,1 - 2 years,10,10,9,9,8,10,10,10,10,10,Text,WhatsApp,Yes,$301 - $700,10,Mexico,Canada,26 - 35,Whatsapp,Facebook,Instagram,Safari,pinterest,11,9.6,8,10,1,1,-0.375,-0.375,-1,1,1,1,1,1,-1.190548437,1.097005763,0.833837922,2.188571961,-0.013800553,1.366195376,-0.090677975,-0.874498638,0.886589714,-0.26095941,4,CL7
Between 4 - 6 years,Iphone,Social media,Afternoon,Features and functions,Nov-35,Free music,3 - 4 years,4,10,10,10,10,10,10,10,10,10,Text,WhatsApp,No,$301 - $700,5,Colombia,Canada,26 - 35,WhatsApp,Facebook,Instagram,Outlook,Snapchat,12,9.4,4,10,-1,1,1,1,1,1,1,1,1,1,1.036327616,2.206580453,1.433129454,1.801193696,1.368376674,-0.898720926,0.490882863,0.123439007,-0.06309566,0.176675787,3,CL5
More than 6 years,Iphone,Navigation,Evening,Features and functions,Nov-35,Paying,1 - 2 years,10,1,10,10,10,7,1,1,1,1,Text,WhatsApp,Don't use it,$301 - $700,10,Brazil,Brazil,26 - 35,WhatsApp,Waze,Facebook,Instagram,Spotify,13,5.2,1,10,1,-1,1,1,1,0.375,-1,-1,-1,-1,2.28382913,-1.936104854,-0.367696732,-0.818821518,-0.479861348,-0.240015289,1.253948071,0.305354612,0.406604021,-0.248642723,1,CL6
Between 4 - 6 years,Infinix,Social media,Night,Features and functions,36 - 60,Not sure,1 - 2 years,7,5,9,6,10,8,10,5,8,9,Call,WhatsApp,Don't use it,0 - $300,9,Kenya,Italy,26 - 35,Whatsapp,Instagram,Facebook,YouTube,email,14,7.7,5,10,-0.259259259,-1,0.565217391,-0.62962963,1,0.130434783,1,-1,0.130434783,0.565217391,1.360934818,0.68931104,-0.063933172,-0.802442091,0.480037618,0.265521332,-0.207952694,-1.37179689,-0.221676214,1.310807068,3,CL5
Between 4 - 6 years,Samsung,Social media,Evening,Features and functions,Nov-35,"What? Question is not clear, feature of the phone? Or the apps?",1 - 2 years,2,3,4,8,2,4,8,2,1,7,Text,WhatsApp,Don't use it,0 - $300,3,Chile,Italy,26 - 35,WhatsApp,GMaps,GMail,YouTube,drive,15,4.1,1,8,-0.677419355,-0.35483871,-0.032258065,1,-0.677419355,-0.032258065,1,-0.677419355,-1,0.743589744,1.166683569,1.134891753,-1.29923309,-0.107541402,0.550667049,0.267617912,-1.253471811,0.086968653,0.161883518,-0.804744215,3,CL5
More than 6 years,Iphone,Surfing the internet,Night,Status from the brand,10-Jan,Download Music For Free,3 - 4 years,10,10,10,10,10,10,8,2,8,10,Text,WhatsApp,Yes,$301 - $700,7,Colombia,Canada,36 - 45,Facebook,Instagram,snapshat,WhatsApp,utube,16,8.8,2,10,1,1,1,1,1,1,-0.117647059,-1,-0.117647059,1,1.717648428,-0.283380997,-0.285861974,1.379315282,1.484289575,0.982693288,1.649517678,0.025834813,0.220054084,0.107180873,1,CL6
More than 6 years,Iphone,Texting,Night,Features and functions,Nov-35,Go Pro,3 - 4 years,8,5,10,6,10,6,6,6,6,5,Text,WhatsApp,Don't use it,More than $700,7,USA,Italy,26 - 35,WhatsApp,LinkedIn,Airbnb,BankAccount,calendar,17,6.8,5,10,0.375,-1,1,-0.444444444,1,-0.444444444,-0.444444444,-0.444444444,-0.444444444,-1,1.074538864,-1.500816897,0.218064735,-1.156895172,-0.348701674,-0.757894647,0.212060629,-0.176876312,0.184431792,1.057882531,1,CL6
More than 6 years,Motorola,Social media,Evening,Features and functions,10-Jan,Radio station.,3 - 4 years,1,1,2,2,2,1,1,2,2,1,Text,Your phones built in messaging service,Don't use it,0 - $300,6,India,India,36 - 45,Facebook,WhatsApp,YouTube,Outlook,,18,1.5,1,2,-1,-1,1,1,1,-1,-1,1,1,-1,0.336607586,-0.263248144,1.910792309,-1.555136914,0.376416717,-2.444473862,0.426292717,0.776659616,-0.313414863,-0.43970776,1,CL6
More than 6 years,Samsung,Surfing the internet,Evening,Features and functions,36 - 60,Unlocking all apps via facial recognition,1 - 2 years,3,3,2,1,1,1,1,3,3,2,Call,WhatsApp,Yes,$301 - $700,7,India,USA,36 - 45,GMaps,SamsungPay,Google chrome,YouTube,banking apps,19,2,1,3,1,1,0,-1,-1,-1,-1,1,1,0,-2.750583581,-1.150423329,0.822339947,0.496876454,0.473561323,0.144124879,0.120476013,0.200413381,0.684820982,0.14720764,2,CL4
More than 6 years,Samsung,Surfing the internet,Evening,Features and functions,36 - 60,Unlocking all apps via facial recognition,1 - 2 years,3,3,2,1,1,1,1,3,3,2,Call,WhatsApp,Yes,$301 - $700,7,India,USA,36 - 45,GMaps,SamsungPay,Google chrome,YouTube,banking apps,20,2,1,3,1,1,0,-1,-1,-1,-1,1,1,0,-2.750583581,-1.150423329,0.822339947,0.496876454,0.473561323,0.144124879,0.120476013,0.200413381,0.684820982,0.14720764,2,CL4
More than 6 years,Samsung,Social media,Evening,Features and functions,36 - 60,None,3 - 4 years,1,2,1,1,1,2,2,2,1,1,Text,WhatsApp,Yes,$301 - $700,9,India,USA,36 - 45,Facebook,WhatsApp,Robinhood,Scoop,,21,1.4,1,2,-1,1,-1,-1,-1,1,1,1,-1,-1,-0.916826909,1.069099667,-1.157701405,2.032592604,-2.029469967,-1.114594656,-1.377544973,-0.080162147,-0.09532996,0.374983945,4,CL7
More than 6 years,Huawei,Social media,Night,Features and functions,36 - 60,Security,1 - 2 years,1,1,1,1,1,1,1,2,2,2,Text,WhatsApp,Don't use it,$301 - $700,8,India,India,26 - 35,Whatsapp,Facebook,Instagram,WynkMusic,Quora,22,1.3,1,2,-1,-1,-1,-1,-1,-1,-1,1,1,1,-2.748339717,1.555617068,0.238740569,-1.885568512,-0.040283262,-0.253236097,-0.133891864,0.08304168,0.203112629,-0.121241759,4,CL7
Between 4 - 6 years,Iphone,Surfing the internet,Night,Features and functions,Nov-35,,1 - 2 years,8,5,10,10,10,8,10,9,7,8,Text,WhatsApp,Don't use it,$301 - $700,5,India,USA,26 - 35,Google,WhatsApp,GMaps,Facebook,Mail,23,8.5,5,10,-0.142857143,-1,1,1,1,-0.142857143,1,0.333333333,-0.428571429,-0.142857143,2.15699487,0.313096095,1.022119157,-0.419731361,0.105076468,-0.443672909,-0.748232167,0.307163276,0.171937931,0.141192052,3,CL5
More than 6 years,Xiaomi,Surfing the internet,Evening,Features and functions,Nov-35,None,1 - 2 years,5,10,8,4,4,3,3,10,8,3,Text,WhatsApp,Yes,0 - $300,2,Kazakhstan,USA,26 - 35,GMail,Chrome,GMaps,Spotify,WhatsApp,24,5.8,3,10,-0.285714286,1,0.523809524,-0.642857143,-0.642857143,-1,-1,1,0.523809524,-1,-1.923614434,-1.100273341,0.491818982,0.410032513,0.309901605,-1.779205666,-0.214099199,0.566094184,0.314036119,0.228214061,2,CL4
More than 6 years,Huawei,Calling,Morning,Features and functions,Nov-35,que se responda solo,3 - 4 years,2,2,1,1,1,1,1,2,2,1,Call,WhatsApp,Don't use it,$301 - $700,8,Colombia,Colomb,Over 60,Facebook,WhatsApp,Skype,Gallery,music,25,1.4,1,2,1,1,-1,-1,-1,-1,-1,1,1,-1,-3.119597284,-1.571053274,0.685051766,0.580422094,-0.683723561,-0.065139461,-0.088537636,0.045494572,-0.285372262,-0.32664216,2,CL4
More than 6 years,Iphone,Surfing the internet,Evening,Features and functions,More than 60,Nothing,3 - 4 years,7,1,3,1,1,1,1,1,1,1,Call,WhatsApp,No,$301 - $700,3,Italy,Italy,36 - 45,Safari,,,,,26,1.8,1,7,1,-1,0.230769231,-1,-1,-1,-1,-1,-1,-1,-0.522927922,-2.394313071,-1.337483567,-1.555490306,-0.673671414,0.101921808,-0.479730514,-0.362181172,0.937951498,0.243821752,2,CL4
More than 6 years,Samsung,Calling,Evening,Features and functions,Nov-35,App Data recovery,3 - 4 years,2,2,1,1,1,1,1,1,1,1,Call,WhatsApp,Don't use it,$301 - $700,9,India,Austra,36 - 45,Whatsapp,Duo,LinkedIn,Facebook,googlemap,27,1.2,1,2,1,1,-1,-1,-1,-1,-1,-1,-1,-1,-1.710335424,-2.406178119,-2.004203229,0.20451299,-0.557299458,0.485424434,-0.400665287,0.166053895,-0.518490461,0.053749645,2,CL4
More than 6 years,Iphone,Calling,Evening,Features and functions,36 - 60,DSLR,3 - 4 years,2,2,1,1,2,2,1,3,2,2,Call,WhatsApp,No,$301 - $700,5,India,Canada,26 - 35,Facebook,GMail,WhatsApp,YouTube,messenger,28,1.8,1,3,0.166666667,0.166666667,-1,-1,0.166666667,0.166666667,-1,1,0.166666667,0.166666667,-1.720822199,0.36339641,0.154397389,0.049135085,-1.085973445,0.18891897,0.870685658,0.510369518,-0.20136954,0.582932196,4,CL7
More than 6 years,HTC,Surfing the internet,Night,Features and functions,36 - 60,Battery life,1 - 2 years,8,10,9,2,3,1,4,7,6,5,Text,WhatsApp,Don't use it,$301 - $700,10,India,USA,26 - 35,Reddit,WhatsApp,Facebook,GMaps,GMail,29,5.5,1,10,0.555555556,1,0.777777778,-0.777777778,-0.555555556,-1,-0.333333333,0.333333333,0.111111111,-0.111111111,-1.244117854,-1.21267956,0.168969857,0.568331933,0.934982225,-0.28526931,-0.480467094,0.255892916,0.679809058,0.710596827,2,CL4
Between 2 - 4 years,Google,Calling,Morning,Features and functions,Nov-35,Facial Recognition,3 - 4 years,10,8,8,10,10,10,10,10,10,8,Call,WhatsApp,No,0 - $300,8,India,India,26 - 35,Uber,GMaps,YouTube,WSOP,GMAIL,30,9.4,8,10,1,-1,-1,1,1,1,1,1,1,-1,0.983341171,0.286854852,2.199737994,0.53339616,-2.075310341,0.552953122,0.241441285,-0.769107536,-0.917749356,-1.076957876,3,CL5
Between 4 - 6 years,Samsung,Social media,Morning,Features and functions,Nov-35,Movie player,1 - 2 years,2,2,1,1,1,1,2,2,2,2,Text,WhatsApp,Don't use it,$301 - $700,7,Mexico,Canada,26 - 35,WhatsApp,Facebook,Instagram,google,wheater,31,1.6,1,2,1,1,-1,-1,-1,-1,1,1,1,1,-2.487797692,0.394858323,0.948347283,1.058668569,0.470109275,1.714944225,-1.383522625,-0.379565023,-0.093039159,0.212841256,2,CL4
More than 6 years,Google,Social media,Night,Features and functions,Nov-35,Privacy,3 - 4 years,1,1,1,1,1,1,1,1,1,1,Call,WhatsApp,Don't use it,$301 - $700,7,Mexico,Canada,26 - 35,Whatsapp,Facebook,Instagram,Hotmail,gmail.,32,1,1,1,0,0,0,0,0,0,0,0,0,0,-0.026961378,0.069335711,-0.091920778,0.093364584,-0.006785688,-0.118319192,-0.013274219,-0.091582021,-0.014855215,0.013231187,3,CL5
Between 4 - 6 years,Samsung,Social media,Afternoon,Features and functions,10-Jan,Payments,3 - 4 years,8,6,8,8,8,6,8,6,1,8,Call,WhatsApp,Yes,More than $700,2,Colombia,Italy,36 - 45,WhatsApp,Facebook,GMaps,planner,,33,6.7,1,8,1,-0.122807018,1,1,1,-0.122807018,1,-0.122807018,-1,1,2.189426792,-0.055323932,0.432792551,0.374260633,0.938957993,1.345320798,-0.423105656,0.775090075,0.479339208,0.462027769,3,CL5
More than 6 years,Iphone,Texting,Evening,Features and functions,Nov-35,I don?t know,1 - 2 years,1,3,1,1,1,1,1,3,3,3,Text,Your phones built in messaging service,Don't use it,0 - $300,5,Brazil,USA,36 - 45,Netflix,what?s up,Facebook,YouTube,Amazon,34,1.8,1,3,-1,1,-1,-1,-1,-1,-1,1,1,1,-3.368424769,1.21734798,-0.14849165,-0.066590996,0.78436533,-0.429894205,-0.01712585,0.555698623,-0.348763062,0.0827213,4,CL7
Between 4 - 6 years,Lenovo,Calling,Evening,Features and functions,Nov-35,Hdmi,3 - 4 years,2,1,1,1,2,2,1,1,2,2,Call,WhatsApp,Don't use it,$301 - $700,8,India,India,36 - 45,WhatsApp,Scanner,Facebook,GMaps,Weather,35,1.5,1,2,1,-1,-1,-1,1,1,-1,-1,1,1,-0.398670402,0.35988152,-0.14536004,-1.013306492,-0.578980137,1.751727497,2.433691961,-1.462649749,-0.507773343,0.633976263,3,CL5
Between 2 - 4 years,Vivo,Calling,Night,Price,Nov-35,Nothing,3 - 4 years,2,1,2,1,2,1,1,2,2,1,Text,WhatsApp,No,0 - $300,4,India,India,36 - 45,Whatsapp,YouTube,Paytm,,,36,1.5,1,2,1,-1,1,-1,1,-1,-1,1,1,-1,-0.626117569,-1.762265834,2.253418352,-1.30176478,-0.385459663,-0.729746572,0.612794536,-0.082536713,0.50710776,1.208189143,1,CL6
More than 6 years,Iphone,Calling,Morning,Features and functions,10-Jan,I don?t,1 - 2 years,5,1,1,1,1,1,1,4,4,4,Call,WhatsApp,No,0 - $300,3,India,India,36 - 45,Truecaller,Facebook,WhatsApp,GMail,yahoo,37,2.3,1,5,1,-1,-1,-1,-1,-1,-1,0.62962963,0.62962963,0.62962963,-2.388359097,-0.269782787,0.427940612,-1.522402907,-0.536825277,1.2961926,0.027591135,-0.078786736,0.606676304,-0.209694366,2,CL4
More than 6 years,Samsung,Calling,Evening,Features and functions,10-Jan,Savings control,1 - 2 years,2,2,1,1,1,1,1,2,2,1,Text,WhatsApp,Don't use it,0 - $300,9,Mexico,Canada,26 - 35,WhatsApp,Myfitnessp,sunlife,canada trus,meetup.com,38,1.4,1,2,1,1,-1,-1,-1,-1,-1,1,1,-1,-3.119597284,-1.571053274,0.685051766,0.580422094,-0.683723561,-0.065139461,-0.088537636,0.045494572,-0.285372262,-0.32664216,2,CL4
More than 6 years,Samsung,Calling,Night,Features and functions,Nov-35,None,1 - 2 years,1,1,1,1,1,1,1,1,1,1,Call,WhatsApp,Yes,0 - $300,6,Colombia,Canada,46 - 60,WhatsApp,Instagram,Facebook,telegram,runner,39,1,1,1,0,0,0,0,0,0,0,0,0,0,-0.026961378,0.069335711,-0.091920778,0.093364584,-0.006785688,-0.118319192,-0.013274219,-0.091582021,-0.014855215,0.013231187,3,CL5
More than 6 years,Iphone,Surfing the internet,Evening,Features and functions,Nov-35,Handfree option like Alexa,3 - 4 years,9,9,10,10,8,8,8,8,8,9,Text,WhatsApp,No,$301 - $700,9,India,USA,36 - 45,Facebook,LinkedIn,Zomato,Priceline,Skype,40,8.7,8,10,0.230769231,0.230769231,1,1,-1,-1,-1,-1,-1,0.230769231,0.339604092,-1.335197866,-1.451811661,-0.57807012,1.567062583,-0.211720474,-0.175665484,0.931667772,0.961212154,-0.905874243,2,CL4
More than 6 years,Iphone,Calling,Evening,Features and functions,Nov-35,Wireless charging,3 - 4 years,9,4,5,7,9,8,9,9,7,8,Text,WhatsApp,Yes,$301 - $700,5,Colombia,Canada,36 - 45,WhatsApp,Flipboard,Facebook,Twitter,Spotify,41,7.5,4,9,1,-1,-0.714285714,-0.142857143,1,0.333333333,1,1,-0.142857143,0.333333333,0.612478276,0.676057531,1.354636444,-0.035366055,-1.441338191,1.483229038,-0.322557608,0.027608189,-0.209497344,0.544365742,3,CL5
Between 2 - 4 years,Iphone,Texting,Night,Features and functions,10-Jan,Face ID,Over 4 years,7,10,10,10,10,8,10,10,10,10,Text,WhatsApp,No,$301 - $700,10,India,India,15 - 25,WhatsApp,Quick,VLC,Instagram,Facebook,42,9.5,7,10,-1,1,1,1,1,-0.6,1,1,1,1,0.485923224,1.532831582,1.716110376,0.953908401,2.157593852,-0.852582813,-0.503364433,0.684093373,-0.550985092,0.278326129,3,CL5
More than 6 years,Samsung,Texting,Night,Features and functions,10-Jan,big data sharing app,3 - 4 years,4,3,10,10,10,10,9,8,4,10,Text,WhatsApp,Don't use it,0 - $300,8,Ethiopia,Italy,26 - 35,WhatsApp,LinkedIn,Viber,,,43,7.8,3,10,-0.791666667,-1,1,1,1,1,0.545454546,0.090909091,-0.791666667,1,2.45553851,1.788614987,0.00148863,-0.301211979,0.28314163,-0.287433774,0.374921115,0.451069096,0.674699644,0.300521098,3,CL5
More than 6 years,Iphone,Texting,Afternoon,Status from the brand,Nov-35,Space,3 - 4 years,10,6,9,10,10,5,8,5,5,5,Text,WhatsApp,Don't use it,More than $700,10,Honduras,Italy,26 - 35,WhatsApp,GMaps,Yummly,Safari,WIMB,44,7.3,5,10,1,-0.565217391,0.62962963,1,1,-1,0.259259259,-1,-1,-1,2.018872958,-2.116266761,-0.013941631,-0.702611159,0.158342359,0.213945559,-0.626434229,0.38706565,-0.579977281,-0.089391216,1,CL6
More than 6 years,Iphone,Texting,Evening,Features and functions,10-Jan,Take better photos,3 - 4 years,5,3,8,9,6,7,10,2,4,1,Text,WhatsApp,No,0 - $300,4,Germany,Italy,26 - 35,Whatsapp,outlook,Facebook,dkb (online,zeit (newspa,45,5.5,1,10,-0.111111111,-0.555555556,0.555555556,0.777777778,0.111111111,0.333333333,1,-0.777777778,-0.333333333,-1,1.842969903,-0.399058874,-0.242616924,0.15975621,-0.279555089,-0.710499803,-0.750401369,-0.895690374,-0.113142604,-0.500189067,3,CL5
More than 6 years,Iphone,Surfing the internet,Afternoon,Status from the brand,Nov-35,Holographic projections!,1 - 2 years,8,3,6,6,7,4,5,6,7,5,Text,WhatsApp,Yes,$301 - $700,7,Canada,Italy,36 - 45,Whatsapp,Instagram,GMail,Spotify,BBC News,46,5.7,3,8,1,-1,0.130434783,0.130434783,0.565217391,-0.62962963,-0.259259259,0.130434783,0.565217391,-0.259259259,0.155106186,-0.918062405,1.214473497,-1.0329753,-0.179465839,0.472583347,0.22160481,-0.229690378,-0.029212146,-0.063923992,1,CL6
More than 6 years,LG,Texting,Evening,Features and functions,Nov-35,Nothing,Over 4 years,6,1,7,7,4,8,8,5,1,6,Text,WhatsApp,Don't use it,0 - $300,2,USA,Italy,15 - 25,WhatsApp,reddit is,LINE,Facebook,GMaps,47,5.3,1,8,0.259259259,-1,0.62962963,0.62962963,-0.302325581,1,1,-0.069767442,-1,0.259259259,1.893962639,0.681419774,-0.349346381,0.198706129,-0.595052341,0.390645176,-0.544389162,-0.307302261,1.289742908,-0.281635597,3,CL5
More than 6 years,Huawei,Surfing the internet,Night,Features and functions,10-Jan,,3 - 4 years,1,2,1,1,1,2,1,2,2,1,Text,Skype,Don't use it,$301 - $700,6,Japan,Italy,36 - 45,Facebook,Instagram,WhatsApp,Skype,wechat,48,1.4,1,2,-1,1,-1,-1,-1,1,-1,1,1,-1,-2.496547703,0.687867615,-0.322627072,1.255440012,-1.365776375,-1.816356721,0.868919749,-0.545271404,-0.209367573,-0.351734082,4,CL7
More than 6 years,Lenovo,Surfing the internet,Afternoon,Features and functions,Nov-35,,3 - 4 years,5,1,4,8,8,8,8,8,8,8,Call,WhatsApp,Don't use it,$301 - $700,4,India,Italy,15 - 25,Instagram,GMail,GMaps,Snapchat,Telegram,49,6.6,1,8,-0.285714286,-1,-0.464285714,1,1,1,1,1,1,1,1.004649453,2.427206204,1.721401009,0.049227189,-0.407670203,0.549215778,0.431174345,-0.322399135,-0.396748284,-0.53250179,3,CL5
More than 6 years,Iphone,Social media,Night,Status from the brand,Nov-35,I don?t know,1 - 2 years,9,5,10,10,10,7,9,6,7,8,Call,WhatsApp,Don't use it,$301 - $700,8,Italy,Italy,15 - 25,Whatsapp,Instagram,Facebook,YouTube,Spotify,50,8.1,5,10,0.473684211,-1,1,1,1,-0.35483871,0.473684211,-0.677419355,-0.35483871,-0.032258065,2.177185582,-0.599980988,0.468603951,-0.832654578,0.6011708,0.181657329,-0.172854792,-0.051932365,0.040616024,0.003180075,1,CL6
More than 6 years,Samsung,Surfing the internet,Morning,Status from the brand,36 - 60,VR,3 - 4 years,4,10,7,1,3,8,2,9,6,5,Text,WhatsApp,No,$301 - $700,5,India,USA,46 - 60,Facebook,,,,,51,5.5,1,10,-0.333333333,1,0.333333333,-1,-0.555555556,0.555555556,-0.777777778,0.777777778,0.111111111,-0.111111111,-1.381565747,0.186932138,-0.317112177,1.112381786,-0.174814248,-1.045153845,0.638999497,0.139883283,0.822839469,0.683039687,4,CL7
More than 6 years,Iphone,Social media,Evening,Features and functions,10-Jan,Automatic charging,3 - 4 years,8,6,9,10,10,8,6,5,4,6,Call,WhatsApp,Don't use it,0 - $300,7,Italy,Italy,15 - 25,Whatsapp,Facebook,Instagram,GMail,InShot,52,7.2,4,10,0.285714286,-0.375,0.642857143,1,1,0.285714286,-0.375,-0.6875,-1,-0.375,1.968137624,-0.767167029,-0.48477665,-0.238150215,-0.03625927,-0.22555079,0.673266334,0.589722408,-0.088426601,-0.070716333,3,CL5
More than 6 years,Motorola,Social media,Morning,Features and functions,10-Jan,none,3 - 4 years,5,4,4,8,8,8,8,4,4,8,Text,WhatsApp,Don't use it,0 - $300,7,France,Italy,36 - 45,WhatsApp,Gallery,linkedIn,calendar,email,53,6.1,4,8,-0.523809524,-1,-1,1,1,1,1,-1,-1,1,2.15924124,1.902813451,-1.167357396,-0.398076343,-0.553289885,1.141987181,0.068666309,-0.164547015,-1.08714952,-0.311481423,3,CL5
Between 4 - 6 years,Samsung,Calling,Evening,Cost,10-Jan,,Over 4 years,1,1,1,1,1,1,1,2,2,1,Call,Your phones built in messaging service,No,0 - $300,3,USA,USA,26 - 35,LinkedIn,GMail,,,,54,1.2,1,2,-1,-1,-1,-1,-1,-1,-1,1,1,-1,-2.564468142,0.183950614,0.4183313,-1.622644123,-1.203903496,-1.582025971,-0.490655385,-0.31711039,-0.267353673,-0.428634214,2,CL4
More than 6 years,Iphone,Social media,Morning,Features and functions,36 - 60,?,3 - 4 years,5,6,10,10,10,10,10,5,5,5,Text,Your phones built in messaging service,No,$301 - $700,10,USA,USA,46 - 60,SnapChat,Instagram,Facebook,Safari,text,55,7.6,5,10,-1,-0.615384615,1,1,1,1,1,-1,-1,-1,3.130298978,0.273006494,-0.763770325,0.219034833,-0.334881781,-1.53426151,-0.27231932,-0.537915117,-0.32093441,0.084935743,3,CL5
More than 6 years,Samsung,Surfing the internet,Evening,Features and functions,Nov-35,Turn off for required time,3 - 4 years,1,2,1,1,1,1,1,1,1,2,Call,WhatsApp,Don't use it,$301 - $700,10,India,USA,36 - 45,GMail,Facebook,GMaps,google,linkedIn,56,1.2,1,2,-1,1,-1,-1,-1,-1,-1,-1,-1,1,-1.959162908,0.382223135,-2.837746645,-0.4425001,0.910789433,0.12066969,-0.329253501,0.676257945,-0.58188126,0.463113105,4,CL7
Between 2 - 4 years,Huawei,Texting,Morning,Features and functions,Nov-35,Don't understand the question,1 - 2 years,6,7,6,8,6,8,8,5,5,7,Text,WhatsApp,Don't use it,0 - $300,6,Hungary,Italy,26 - 35,Whatsapp,GMail,FBMessenger,Weather,fbook,57,6.6,5,8,-0.375,0.285714286,-0.375,1,-0.375,1,1,-1,-1,0.285714286,1.465056734,0.923674128,-1.661358436,1.033035484,-0.082444024,0.34796987,-0.463632565,-0.339040559,-0.265724211,-0.85284644,3,CL5
Between 4 - 6 years,Samsung,Texting,Afternoon,Features and functions,36 - 60,none,Over 4 years,6,4,5,6,6,6,4,4,2,6,Text,WhatsApp,No,0 - $300,5,Italy,Italy,36 - 45,WhatsApp,firefox,RassegnaStamp,SamsungMusi,shazam,58,4.9,2,6,1,-0.310344828,0.090909091,1,1,1,-0.310344828,-0.310344828,-1,1,1.740870789,0.242627546,-0.358422184,0.230505514,-0.135780746,1.475727685,1.344493629,0.809348568,0.328913531,-0.08225121,3,CL5
More than 6 years,Huawei,Surfing the internet,Evening,Features and functions,Nov-35,None,3 - 4 years,2,2,1,1,1,1,1,2,2,1,Text,WhatsApp,Don't use it,0 - $300,9,Uganda,Italy,26 - 35,Whatsapp,Facebook,linkedIn,BankAccount,Instagram,59,1.4,1,2,1,1,-1,-1,-1,-1,-1,1,1,-1,-3.119597284,-1.571053274,0.685051766,0.580422094,-0.683723561,-0.065139461,-0.088537636,0.045494572,-0.285372262,-0.32664216,2,CL4
More than 6 years,Iphone,Texting,Afternoon,Status from the brand,Nov-35,nothing,3 - 4 years,7,8,6,9,9,9,6,5,4,6,Call,WhatsApp,Don't use it,$301 - $700,9,Italy,Italy,26 - 35,WhatsApp,Facebook,Instagram,GMaps,GMail,60,6.9,4,9,0.047619048,0.523809524,-0.310344828,1,1,1,-0.310344828,-0.655172414,-1,-0.310344828,1.498069365,-0.123345964,-1.048115837,0.888278579,-0.505597242,-0.040625105,1.060001674,0.613156578,-0.8664295,-0.298178919,1,CL6
More than 6 years,Google,Surfing the internet,Afternoon,Features and functions,More than 60,Dual sim,1 - 2 years,2,3,3,3,3,3,2,1,1,1,Text,WhatsApp,Yes,$301 - $700,8,India,India,15 - 25,WhatsApp,Instagram,Newstand,Facebook,Chrome,61,2.2,1,3,-0.166666667,1,1,1,1,1,-0.166666667,-1,-1,-1,2.180717833,-0.937160013,-1.062404836,1.415896268,0.210027918,-1.234558038,0.904408211,0.279364738,-0.381995335,0.071800824,1,CL6
More than 6 years,Lenovo,Social media,Night,Features and functions,Nov-35,Holograms,3 - 4 years,2,2,1,1,1,1,1,2,1,1,Text,WhatsApp,No,0 - $300,9,India,India,15 - 25,WhatsApp,Instagram,YouTube,Chrome,Flipkart,62,1.3,1,2,1,1,-1,-1,-1,-1,-1,1,-1,-1,-2.355547658,-1.784066365,-0.592908816,0.616403821,-1.337629755,0.185328793,-0.683253849,1.335815494,0.106798549,0.167984907,2,CL4
More than 6 years,Iphone,Surfing the internet,Evening,Status from the brand,10-Jan,I don?t know,3 - 4 years,9,4,8,9,9,6,7,6,6,6,Call,WhatsApp,Don't use it,$301 - $700,8,Italy,Italy,36 - 45,Whatsapp,YouTube,Facebook,Instagram,Spotify.,63,7,4,9,1,-1,0.5,1,1,-0.333333333,0,-0.333333333,-0.333333333,-0.333333333,1.686476878,-1.069057781,0.702037386,-0.809633052,-0.077367365,0.493031303,0.195560033,0.256731334,-0.081407176,-0.272005692,1,CL6
Between 4 - 6 years,Motorola,Calling,Morning,Features and functions,More than 60,Charge without elecricity,1 - 2 years,2,2,1,1,1,1,1,2,2,2,Call,WhatsApp,Don't use it,0 - $300,7,India,India,15 - 25,WhatsApp,AmazonPrim,SonyLiv,TOI,Hotstar,64,1.5,1,2,1,1,-1,-1,-1,-1,-1,1,1,1,-3.303468859,-0.19938682,0.505461034,0.317497705,0.479896673,1.263650414,0.268225884,0.445646642,0.18509404,-0.019249705,2,CL4
More than 6 years,Samsung,Texting,Morning,Features and functions,10-Jan,Nothing,Over 4 years,2,2,2,1,1,1,2,1,2,1,Text,WhatsApp,Don't use it,$301 - $700,6,Brazil,Brazil,36 - 45,Whatsapp,Twitter,CandyCrush,Waze,BrB banknet,65,1.5,1,2,1,1,1,-1,-1,-1,1,-1,1,-1,-0.736814901,-2.12932645,0.170810695,1.005535236,1.237768871,-0.224011203,-1.396433805,-2.039793143,0.281125716,0.431520684,2,CL4
More than 6 years,Iphone,Social media,Afternoon,Status from the brand,Nov-35,Photos,1 - 2 years,1,10,3,4,5,2,6,7,9,8,Text,WhatsApp,Yes,$301 - $700,8,Colombia,Colomb,36 - 45,Facebook,Instagram,WhatsApp,photos,Deezer,66,5.5,1,10,-1,1,-0.555555556,-0.333333333,-0.111111111,-0.777777778,0.111111111,0.333333333,0.777777778,0.555555556,-1.527689803,1.015177508,0.013533454,0.382160671,0.993960867,-0.531684723,-0.46490319,0.106856432,-1.020191132,0.193331042,4,CL7
More than 6 years,Iphone,Playing games,Evening,Features and functions,Nov-35,Nothing,3 - 4 years,9,7,8,9,9,8,8,9,7,8,Call,WhatsApp,Yes,More than $700,7,Brazil,Brazil,26 - 35,Bank,WhatsApp,Facebook,Instagram,airline comp,67,8.2,7,9,1,-1,-0.166666667,1,1,-0.166666667,-0.166666667,1,-1,-0.166666667,1.177757499,-0.413551504,0.984174175,-0.550405344,-1.183632292,0.748195976,0.05945109,1.54049634,0.08940748,-0.248722329,3,CL5
Between 4 - 6 years,Iphone,Texting,Evening,Features and functions,10-Jan,Reload,1 - 2 years,8,5,5,8,8,8,8,8,1,8,Text,WhatsApp,Yes,$301 - $700,10,Colombia,Colomb,36 - 45,CamScanner,Radio,Linio,DaviPlata,WhatsApp,68,6.7,1,8,1,-0.298245614,-0.298245614,1,1,1,1,1,-1,1,1.669418846,1.14070974,0.765672603,0.978316875,-0.872403977,1.750836056,0.065955186,1.055520716,0.267008633,0.021296805,3,CL5
Between 4 - 6 years,Iphone,Calling,Morning,Features and functions,Nov-35,More baterry life,1 - 2 years,10,9,8,10,10,10,10,9,1,1,Text,WhatsApp,Don't use it,$301 - $700,7,Colombia,Colomb,36 - 45,Waze,Traductor,TripAdvisor,WhatsApp,Facebook,69,7.8,1,10,1,0.545454546,0.090909091,1,1,1,1,0.545454546,-1,-1,1.9177273,-0.618249696,0.549531292,1.933612475,-1.286849629,0.238610285,-0.165405365,0.57133096,-0.292364433,-0.101427108,1,CL6
More than 6 years,Samsung,Surfing the internet,Night,Features and functions,Nov-35,none,Over 4 years,3,2,8,8,8,8,6,4,2,8,Call,WhatsApp,Don't use it,0 - $300,4,Italy,Italy,26 - 35,WhatsApp,linkedIn,GMail,amazon,skyscanner,70,5.7,2,8,-0.72972973,-1,1,1,1,1,0.130434783,-0.459459459,-1,1,2.545431031,1.428044905,-0.591649653,-0.552715402,0.422363082,-0.219963172,0.742326482,0.431408961,0.617729191,0.269289949,3,CL5
More than 6 years,Iphone,Texting,Evening,Features and functions,Nov-35,-,3 - 4 years,8,5,7,6,5,8,7,5,3,4,Text,WhatsApp,Don't use it,$301 - $700,9,Colombia,Italy,26 - 35,Airbnb,Splitwise,Bank,GoEuro,Uber,71,5.8,3,8,1,-0.285714286,0.545454546,0.090909091,-0.285714286,1,0.545454546,-0.285714286,-1,-0.642857143,1.356070057,-0.78486841,-0.514407155,0.855704865,-1.023563234,0.329855232,-0.174931538,-0.492879284,1.078999822,0.003226694,1,CL6
Between 4 - 6 years,Xiaomi,Surfing the internet,Night,Features and functions,36 - 60,No idea,3 - 4 years,4,4,1,1,2,3,1,10,10,10,Call,WhatsApp,No,0 - $300,7,India,India,15 - 25,MoneyContro,whatsapp,UCBrowser,YouTube,paytm,72,4.6,1,10,-0.166666667,-0.166666667,-1,-1,-0.722222222,-0.444444444,-1,1,1,1,-2.656378712,1.058434489,0.352584508,-0.695517204,-0.101469398,0.372362545,0.483997843,0.099863774,0.194272623,0.038527342,4,CL7
Between 2 - 4 years,Iphone,Surfing the internet,Evening,Features and functions,10-Jan,File manager,1 - 2 years,4,2,6,6,6,5,5,3,3,3,Call,WhatsApp,Yes,$301 - $700,6,India,Italy,26 - 35,FBMessenger,Instagram,WhatsApp,Inshrorts,Duo,73,4.3,2,6,-0.130434783,-1,1,1,1,0.411764706,0.411764706,-0.565217391,-0.565217391,-0.565217391,2.489196607,-0.220655945,0.114380294,-0.468704931,-0.107336285,-0.710556421,0.094979064,-0.167046097,0.072693233,-0.045383163,3,CL5
More than 6 years,Samsung,Texting,Afternoon,Features and functions,10-Jan,lenghtening battery,1 - 2 years,6,4,10,10,7,9,7,7,4,7,Text,WhatsApp,Don't use it,$301 - $700,9,Italy,Italy,15 - 25,WhatsApp,Instagram,Facebook,GMaps,spotify,74,7.1,4,10,-0.35483871,-1,1,1,-0.032258065,0.655172414,-0.032258065,-0.032258065,-1,-0.032258065,1.838622286,0.393389362,-0.425172557,-0.417846374,-0.216608671,-0.714821912,0.080779447,0.417585487,1.160501318,-0.448011009,3,CL5
More than 6 years,Xiaomi,Calling,Evening,Features and functions,Nov-35,Don't leak data please,3 - 4 years,1,2,1,1,1,1,1,1,2,2,Call,WhatsApp,Don't use it,0 - $300,8,India,India,15 - 25,Paytm,WhatsApp,Facebook,Instagram,Ola,75,1.3,1,2,-1,1,-1,-1,-1,-1,-1,-1,1,1,-2.723212535,0.595236226,-1.559786063,-0.478481828,1.564695627,-0.129798564,0.265462712,-0.614062977,-0.974052071,-0.031513962,4,CL7
More than 6 years,Iphone,Texting,Evening,Features and functions,Nov-35,Automatic turn off after charged phone,3 - 4 years,4,3,3,7,7,5,7,7,4,6,Call,WhatsApp,Yes,$301 - $700,7,Italy,Italy,26 - 35,Whatsapp,FBMessenge,GMaps,Note,Safari,76,5.3,3,7,-0.565217391,-1,-1,1,1,-0.130434783,1,1,-0.565217391,0.411764706,1.011793624,1.721114848,0.760968119,-0.52325455,-0.969805115,0.394155913,-0.897931799,1.005411257,-1.041244909,-0.321253952,3,CL5
More than 6 years,Iphone,Social media,Afternoon,Status from the brand,More than 60,the charger and earphones plug in iphone,3 - 4 years,8,8,8,8,8,5,8,8,8,8,Text,WhatsApp,Don't use it,More than $700,10,Venezuela,Italy,15 - 25,Facebook,FBMessenge,WhatsApp,Spotify,linkedIn,77,7.7,5,8,1,1,1,1,1,-1,1,1,1,1,0.413278035,-0.052340436,2.440808291,1.126175778,2.050429489,0.852496335,-0.466574523,0.714204983,-0.139100349,0.20176771,3,CL5
More than 6 years,Samsung,Social media,Morning,Features and functions,Nov-35,N/a,Over 4 years,1,1,3,3,3,2,3,3,3,3,Text,WhatsApp,No,$301 - $700,3,Canada,Canada,36 - 45,WhatsApp,Instagram,Facebook,paybyphone,,78,2.5,1,3,-1,-1,1,1,1,-0.333333333,1,1,1,1,1.197742341,1.983392148,2.056179108,-0.723854899,1.201409063,-0.68361439,-0.454422564,0.117994035,0.082205504,0.057421347,3,CL5
Between 4 - 6 years,Xiaomi,Texting,Night,Features and functions,36 - 60,Projector,1 - 2 years,1,6,5,4,7,10,9,2,3,8,Text,WhatsApp,Don't use it,0 - $300,7,India,Italy,15 - 25,WhatsApp,Duolingo,Instagram,LinkedIn,,79,5.5,1,10,-1,0.111111111,-0.111111111,-0.333333333,0.333333333,1,0.777777778,-0.777777778,-0.555555556,0.555555556,0.915481962,1.506921938,-1.354709704,0.543324334,-0.005604581,-0.207252498,-0.020347047,-0.714303298,-0.357992691,0.719785713,3,CL5
Between 2 - 4 years,Xiaomi,Social media,Night,Features and functions,More than 60,Wireless Charging,3 - 4 years,9,7,3,4,5,6,8,2,1,10,Text,WhatsApp,Don't use it,0 - $300,2,India,Canada,15 - 25,WhatsApp,MortalKomb,Maps,Outlook,,80,5.5,1,10,0.777777778,0.333333333,-0.555555556,-0.333333333,-0.111111111,0.111111111,0.555555556,-0.777777778,-1,1,0.220530392,0.144825609,-1.294816787,0.497393575,0.118659388,1.791874424,-0.357237029,-0.057367826,-0.046689056,0.474319723,3,CL5
Less than 2 years,Motorola,Calling,Morning,Features and functions,Nov-35,Backup,Over 4 years,10,9,8,7,6,5,4,3,2,1,Call,WhatsApp,Don't use it,More than $700,1,India,India,46 - 60,Maps,Gmail,Outlook,Gallery,,81,5.5,1,10,1,0.777777778,0.555555556,0.333333333,0.111111111,-0.111111111,-0.333333333,-0.555555556,-0.777777778,-1,0.638720586,-1.991460182,-0.550480825,0.881033024,-0.006848704,-0.148437241,0.125432714,0.314387671,0.085753913,-0.035885886,1,CL6
Less than 2 years,Sony,Calling,Evening,Features and functions,10-Jan,none,Over 4 years,1,2,3,4,10,6,5,7,8,9,Call,WhatsApp,Don't use it,0 - $300,1,India,India,Over 60,WhatsApp,,,,,82,5.5,1,10,-1,-0.777777778,-0.555555556,-0.333333333,1,0.111111111,-0.111111111,0.333333333,0.555555556,0.777777778,-0.168280063,1.753391937,0.393239225,-0.959919275,-0.135367844,-0.236627113,0.561216391,-0.103603809,-0.814786274,0.629154205,3,CL5
More than 6 years,Samsung,Texting,Evening,Features and functions,Nov-35,Information searched to be read by Google,3 - 4 years,1,1,1,1,1,1,1,1,4,4,Text,WhatsApp,No,0 - $300,4,India,India,26 - 35,WhatsApp,Instagram,zomato,book my sho,ITS,83,1.6,1,4,-1,-1,-1,-1,-1,-1,-1,-1,1,1,-2.103127483,0.933505314,-1.172553844,-2.297459344,0.740047035,0.046859545,0.148696698,-1.086719919,-0.422176381,-0.235477021,4,CL7
More than 6 years,Iphone,Surfing the internet,Morning,Features and functions,10-Jan,SIMless,Over 4 years,10,9,10,9,10,9,8,7,7,7,Text,WhatsApp,Don't use it,More than $700,9,India,India,26 - 35,LinkedIn,Instagram,Whatsapp,GMaps,chrome,84,8.6,7,10,1,0.285714286,1,0.285714286,1,0.285714286,-0.375,-1,-1,-1,1.742356782,-2.034846285,-0.573626517,0.488171033,-0.072107436,-0.202411989,0.722054437,0.115061821,0.040064737,0.585630088,1,CL6
Between 2 - 4 years,Nokia,Calling,Morning,Features and functions,Nov-35,Not needed,Over 4 years,2,1,1,1,1,1,1,2,2,1,Call,WhatsApp,Yes,0 - $300,7,India,India,46 - 60,Whtsapp,f.b,google,bookg taxi,GMaps,85,1.3,1,2,1,-1,-1,-1,-1,-1,-1,1,1,-1,-2.499512232,-1.232784186,1.072283985,-1.238555422,-1.508372153,0.111518648,-0.20530365,-0.427162371,0.266503428,-0.530605218,2,CL4
More than 6 years,Xiaomi,Texting,Morning,Features and functions,10-Jan,Expense tracker,3 - 4 years,2,3,2,1,1,2,1,2,3,2,Text,WhatsApp,No,0 - $300,8,India,India,46 - 60,WhatsApp,Google pho,Quran,hijri cal,WeChat.,86,1.9,1,3,0.090909091,1,0.090909091,-1,-1,0.090909091,-1,0.090909091,1,0.090909091,-2.078008284,-0.291617719,-0.296869528,0.705167036,0.533756852,-0.501694793,0.81611715,-0.649453621,0.578787658,0.115403181,4,CL7
Between 4 - 6 years,Lenovo,Calling,Evening,Features and functions,Nov-35,Writing messages which can be sent later at a pre scheduled time,1 - 2 years,2,2,2,2,1,1,1,1,2,2,Call,WhatsApp,Paytm,0 - $300,4,India,India,46 - 60,Uber,WhatsApp,Paytm,Amazon,Words with F,87,1.6,1,2,1,1,1,1,-1,-1,-1,-1,1,1,-0.708676579,-1.269622249,-0.140339644,0.132156548,2.868584227,0.63230219,0.71092814,-0.065285061,0.743059694,-1.24304573,2,CL4
More than 6 years,Samsung,Calling,Afternoon,Features and functions,36 - 60,Computer,3 - 4 years,1,1,1,1,1,2,2,2,2,2,Call,WhatsApp,Don't use it,$301 - $700,7,India,India,46 - 60,WhatsApp,bank,google instan,cam scanner,railway,88,1.5,1,2,-1,-1,-1,-1,-1,1,1,1,1,1,-1.244663059,2.9920483,0.327900664,-0.085291029,-1.036592131,0.140385073,-0.542831253,-1.442987942,0.534841221,-0.016213726,4,CL7
Between 2 - 4 years,Motorola,Calling,Afternoon,Features and functions,10-Jan,Nothing,Over 4 years,4,1,2,1,1,1,1,1,4,1,Text,WhatsApp,Don't use it,0 - $300,7,India,India,36 - 45,Zomato,uber,Amazon,whatsup,flight statu,89,1.7,1,4,1,-1,0.130434783,-1,-1,-1,-1,-1,1,-1,-1.333226661,-2.154690955,-0.082307288,-1.596279714,-0.077505164,-0.102881169,0.111912265,-1.647971269,0.472038871,-0.282927747,2,CL4
More than 6 years,Samsung,Social media,Evening,Features and functions,Nov-35,Battery which lasts for days,3 - 4 years,2,10,3,4,1,6,5,7,8,9,Call,WhatsApp,Don't use it,More than $700,4,India,India,15 - 25,WhatsApp,Reddit,Google Chrome,Inshorts,Snapchat,90,5.5,1,10,-0.777777778,1,-0.555555556,-0.333333333,-1,0.111111111,-0.111111111,0.333333333,0.555555556,0.777777778,-1.663745133,1.294368408,-0.605273055,0.858668617,0.591860319,-0.274480893,-0.060120257,-0.130632412,-0.016709133,-0.299362627,4,CL7
More than 6 years,Motorola,Texting,Night,Features and functions,Nov-35,Ide for coding,1 - 2 years,2,2,1,1,1,1,1,2,2,2,Text,WhatsApp,Yes,0 - $300,8,India,India,15 - 25,WhatsApp,Facebook,LinkedIn,Instagram,Appy Geek,91,1.5,1,2,1,1,-1,-1,-1,-1,-1,1,1,1,-3.303468859,-0.19938682,0.505461034,0.317497705,0.479896673,1.263650414,0.268225884,0.445646642,0.18509404,-0.019249705,2,CL4
More than 6 years,Samsung,Calling,Afternoon,Features and functions,Nov-35,Easy music and movies,Over 4 years,1,1,1,1,1,1,1,2,2,2,Call,WhatsApp,Don't use it,$301 - $700,4,India,India,46 - 60,Whatsapp,Facebook,Instagram,Google,playstore,92,1.3,1,2,-1,-1,-1,-1,-1,-1,-1,1,1,1,-2.748339717,1.555617068,0.238740569,-1.885568512,-0.040283262,-0.253236097,-0.133891864,0.08304168,0.203112629,-0.121241759,4,CL7
More than 6 years,Samsung,Social media,Night,Features and functions,Nov-35,facetime,1 - 2 years,1,2,1,1,1,2,1,2,2,2,Text,WhatsApp,Don't use it,More than $700,6,India,India,46 - 60,firefox,watsapp,office,camera,utube,93,1.5,1,2,-1,1,-1,-1,-1,1,-1,1,1,1,-2.680419278,2.059534069,-0.502217803,0.992515623,-0.202156141,-0.487566847,1.22568327,-0.145119334,0.261098729,-0.044341628,4,CL7
More than 6 years,OnePlus,Social media,Night,Features and functions,More than 60,3d camera,3 - 4 years,1,2,1,1,1,2,1,2,2,2,Text,WhatsApp,Don't use it,$301 - $700,5,India,India,36 - 45,Whatsapp,Instagram,Chrome,Facebook,GMaps,94,1.5,1,2,-1,1,-1,-1,-1,1,-1,1,1,1,-2.680419278,2.059534069,-0.502217803,0.992515623,-0.202156141,-0.487566847,1.22568327,-0.145119334,0.261098729,-0.044341628,4,CL7
Between 4 - 6 years,Lenovo,Social media,Night,Features and functions,36 - 60,Laser-tape,3 - 4 years,8,9,7,7,7,10,10,5,5,3,Text,WhatsApp,No,$301 - $700,7,India,India,26 - 35,WhatsApp,Facebook,Instagram,Spotify,Chrome,95,7.1,3,10,0.310344828,0.655172414,-0.024390244,-0.024390244,-0.024390244,1,1,-0.512195122,-0.512195122,-1,0.949290347,-0.437352139,-0.689834271,1.683344773,-0.850747165,-0.229467169,-0.404713445,-0.899377713,-0.241310319,0.06059383,1,CL6
Less than 2 years,Oppo,Texting,Morning,Features and functions,10-Jan,ConverTing voice msg into written,Over 4 years,1,2,1,1,1,1,1,2,2,2,Text,WhatsApp,Don't use it,0 - $300,2,India,India,Over 60,Ola,uber,amazon,,,96,1.4,1,2,-1,1,-1,-1,-1,-1,-1,1,1,1,-3.368424769,1.21734798,-0.14849165,-0.066590996,0.78436533,-0.429894205,-0.01712585,0.555698623,-0.348763062,0.0827213,4,CL7
More than 6 years,Iphone,Calling,Afternoon,Status from the brand,10-Jan,Cloud calling,1 - 2 years,1,2,1,2,1,1,1,2,1,3,Call,WhatsApp,Yes,$301 - $700,6,India,India,26 - 35,Instagram,Facebook,pinterest,GMail,whatsapp.,97,1.5,1,3,-1,0.333333333,-1,0.333333333,-1,-1,-1,0.333333333,-1,1,-1.497488671,0.964575926,-1.560255202,-0.687087674,0.420624853,-0.034629816,-0.490667937,1.797976263,-0.172173705,-0.695296345,4,CL7
More than 6 years,Samsung,Texting,Afternoon,Features and functions,Nov-35,Face Recognition,1 - 2 years,5,2,7,8,8,9,8,7,4,10,Call,WhatsApp,Don't use it,$301 - $700,9,Italy,Italy,15 - 25,Facebook,Whatsapp,Tinder,Pornhub,Spotify,98,6.8,2,10,-0.375,-1,0.0625,0.375,0.375,0.6875,0.375,0.0625,-0.583333333,1,1.170996267,1.547202122,-0.269031078,-0.495515625,-0.219797673,0.425852387,0.150799389,0.129259091,0.449319523,0.12961642,3,CL5
More than 6 years,Iphone,Texting,Afternoon,the interface I'm used,Nov-35,better control power usage,3 - 4 years,6,4,5,7,8,6,6,3,3,6,Text,WhatsApp,Yes,$301 - $700,8,Syria,USA,26 - 35,Instagram,FBMessenge,WhatsApp,Strava,Spotify,99,5.4,3,8,0.230769231,-0.583333333,-0.166666667,0.615384615,1,0.230769231,0.230769231,-1,-1,0.230769231,1.733440291,-0.019042206,-0.837154579,-0.450707098,-0.169112128,0.70647211,0.227237357,0.143734324,-0.641646778,0.137222743,3,CL5
More than 6 years,Iphone,Surfing the internet,Night,Status from the brand,Nov-35,vr,1 - 2 years,7,6,8,7,10,1,1,1,1,1,Text,WhatsApp,Yes,More than $700,9,Italy,Italy,26 - 35,WhatsApp,youtube,Safari,mail,Facebook,100,4.3,1,10,0.473684211,0.298245614,0.649122807,0.473684211,1,-1,-1,-1,-1,-1,0.959041297,-2.290460631,-0.709570579,-0.518505423,0.491502279,-0.595438458,0.363458555,0.941641798,-0.693842208,0.346101556,2,CL4
More than 6 years,Iphone,Surfing the internet,Night,Status from the brand,Nov-35,Nothing,1 - 2 years,10,8,8,9,9,8,6,4,10,4,Call,WhatsApp,No,More than $700,8,Italy,Italy,26 - 35,Shazam,instagram,Facebook,what?s app,telegram,101,7.6,4,10,1,0.166666667,0.166666667,0.583333333,0.583333333,0.166666667,-0.444444444,-1,1,-1,0.516518245,-1.639407244,0.438701299,0.267794929,0.186119259,-0.092852754,1.124705337,-1.074526593,-0.744918059,-0.677676239,1,CL6
More than 6 years,OnePlus,Texting,Afternoon,Features and functions,Nov-35,customization,3 - 4 years,1,1,7,8,7,7,6,2,1,6,Text,Telegram,Don't use it,$301 - $700,5,Italy,Italy,15 - 25,WhatsApp,telegram,Facebook,chrome,YouTube,102,4.6,1,8,-1,-1,0.705882353,1,0.705882353,0.705882353,0.411764706,-0.722222222,-1,0.411764706,2.413561816,1.171933866,-0.871997745,-0.623602073,0.202352876,-0.604536153,0.100544121,0.111207024,0.160870421,-0.02672038,3,CL5
Between 4 - 6 years,LG,Social media,Evening,Features and functions,10-Jan,don't know,3 - 4 years,7,2,7,8,8,7,8,7,2,2,Text,WhatsApp,Don't use it,0 - $300,6,Italy,Italy,Over 60,WhatsApp,Facebook,web,skipe,photo,103,5.8,2,8,0.545454546,-1,0.545454546,1,1,0.545454546,1,0.545454546,-1,-1,2.435278836,-0.34682764,0.88374268,0.221820256,-1.3690918,-0.203547806,-0.589019348,0.36985866,0.208221621,-0.061457409,3,CL5
More than 6 years,Huawei,Social media,Morning,Features and functions,10-Jan,5g,3 - 4 years,1,1,1,1,1,1,2,2,1,2,Call,WhatsApp,Yes,0 - $300,4,Italy,Italy,36 - 45,WhatsApp,,,,,104,1.3,1,2,-1,-1,-1,-1,-1,-1,1,1,-1,1,-1.168618923,1.936849119,-0.596333764,-1.10841592,-0.703976854,0.448525968,-2.380356586,0.548150938,0.317150241,0.605476269,4,CL7
More than 6 years,LG,Texting,Afternoon,Features and functions,More than 60,Payment gateway,3 - 4 years,5,1,6,8,10,10,2,6,2,8,Call,WhatsApp,don't have i,$301 - $700,8,Italy,Italy,15 - 25,WhatsApp,Spotify,Facebook,Google Driv,GMail,105,5.8,1,10,-0.166666667,-1,0.047619048,0.523809524,1,1,-0.791666667,0.047619048,-0.791666667,0.523809524,1.304570718,0.841526987,-0.36843069,-0.69977405,-0.722601334,0.068699895,1.436851535,0.712427225,0.27022041,0.149554033,3,CL5
More than 6 years,Asus,Texting,Afternoon,Features and functions,Nov-35,Holograms,Over 4 years,5,4,5,6,7,8,8,4,5,9,Text,WhatsApp,No,0 - $300,6,Italy,Italy,15 - 25,Whatsapp,Facebook,Youtube,Spotify,Linkedin,106,6.1,4,9,-0.523809524,-1,-0.523809524,-0.047619048,0.310344828,0.655172414,0.655172414,-1,-0.523809524,1,1.071158735,1.536163521,-1.184072705,-0.707847036,-0.181711516,0.785061277,-0.017397097,-0.77254946,-0.313676962,0.242904809,3,CL5
More than 6 years,Google,Texting,Afternoon,Features and functions,36 - 60,Remote control,3 - 4 years,4,2,8,9,10,7,6,5,1,3,Text,WhatsApp,Don't use it,$301 - $700,10,Italy,Italy,15 - 25,WhatsApp,Tutto Napo,Facebook,Tidal,Stormbound,107,5.5,1,10,-0.333333333,-0.777777778,0.555555556,0.777777778,1,0.333333333,0.111111111,-0.111111111,-1,-0.555555556,1.963769484,-0.026575332,-0.141458739,-0.394260528,-0.564960369,-0.770208722,0.062246035,0.53303783,-0.090187044,0.144807029,3,CL5
More than 6 years,Samsung,Surfing the internet,Evening,Features and functions,36 - 60,Artificial Intelligent Smart Manager,1 - 2 years,7,6,9,10,10,6,10,5,5,7,Call,WhatsApp,Yes,More than $700,6,Italy,Italy,15 - 25,Whatsapp,Instagram,Chrome,GMaps,Spotify,108,7.5,5,10,-0.2,-0.6,0.6,1,1,-0.6,1,-1,-1,-0.2,2.343178638,-0.315290472,-0.384856749,-0.584959224,0.574149571,-0.098496269,-1.021075069,0.160477997,-0.705323716,0.142262183,3,CL5
More than 6 years,Samsung,Social media,Night,Features and functions,Nov-35,Eye recognition,1 - 2 years,8,8,10,8,8,9,10,3,3,3,Text,WhatsApp,Don't use it,More than $700,8,Chile,Italy,26 - 35,Twitter,WhatsApp,Instagram,linkedIn,chrome,109,7,3,10,0.333333333,0.333333333,1,0.333333333,0.333333333,0.666666667,1,-1,-1,-1,2.105066845,-1.000044634,-0.798632559,1.170866473,-0.12538474,-0.495356784,-0.519058785,-0.664965868,0.176866631,0.352010832,1,CL6
More than 6 years,Huawei,Navigation,Afternoon,Features and functions,Nov-35,Un suono da attivare quando non si trovare,3 - 4 years,2,2,1,1,1,1,1,2,2,1,Call,WhatsApp,Don't use it,0 - $300,1,Italy,Italy,Over 60,Google map*,,,,,110,1.4,1,2,1,1,-1,-1,-1,-1,-1,1,1,-1,-3.119597284,-1.571053274,0.685051766,0.580422094,-0.683723561,-0.065139461,-0.088537636,0.045494572,-0.285372262,-0.32664216,2,CL4
More than 6 years,Motorola,Texting,Night,Features and functions,Nov-35,Battery efficiency,1 - 2 years,1,2,1,1,1,1,1,2,2,2,Text,WhatsApp,Yes,0 - $300,7,India,India,15 - 25,WhatsApp,Appy Geek,YMail,Instagram,Facebook,1,1.4,1,2,-1,1,-1,-1,-1,-1,-1,1,1,1,-3.368424769,1.21734798,-0.14849165,-0.066590996,0.78436533,-0.429894205,-0.01712585,0.555698623,-0.348763062,0.0827213,5,CL7
More than 6 years,Iphone,Surfing the internet,Morning,Features and functions,Nov-35,USB,1 - 2 years,10,8,10,10,10,8,10,8,9,9,Text,WhatsApp,Yes,More than $700,5,Brazil,USA,26 - 35,WhatsApp,Safari,Gallery,Spotify,YouTube,2,9.2,8,10,1,-1,1,1,1,-1,1,-1,-0.166666667,-0.166666667,2.231529355,-1.260579503,0.776030351,-0.930330669,0.945887444,0.700229139,-0.855781819,-0.408948396,-0.258186038,-0.007210421,5,CL6
Between 4 - 6 years,Iphone,Taking pictures,Afternoon,Features and functions,10-Jan,An app that tells you who visits your social midia profiles,3 - 4 years,2,1,3,3,3,3,3,2,3,2,Text,WhatsApp,Yes,$301 - $700,7,Brazil,USA,15 - 25,Instagram,Facebook,Spotify,WhatsApp,Afterlight),3,2.5,1,3,-0.333333333,-1,1,1,1,1,1,-0.333333333,1,-0.333333333,2.230787178,0.743419136,1.217210113,0.010934785,0.186711905,-0.8433441,0.419784121,-1.432511043,-0.063771143,-0.342362751,5,CL5
More than 6 years,Iphone,Texting,Night,Features and functions,36 - 60,Thermometer,1 - 2 years,6,6,10,10,6,10,10,6,7,10,Text,Your phones built in messaging service,Yes,$301 - $700,5,USA,USA,36 - 45,Facebook,Amazon,Waze,Tinder,Grindr,4,8.1,6,10,-1,-1,1,1,-1,1,1,-1,-0.523809524,1,1.93226227,1.759517181,-1.291584266,-0.243217536,0.85388118,-0.300130195,-0.553246112,-0.97081799,1.391603683,-0.863151033,5,CL5
Less than 2 years,Iphone,Social media,Afternoon,Features and functions,10-Jan,S,Over 4 years,2,2,1,1,1,1,1,1,1,1,Text,WhatsApp,Yes,0 - $300,8,Brazil,Brazil,46 - 60,Facebook,Instagram,messanger,WhatsApp,face time,5,1.2,1,2,1,1,-1,-1,-1,-1,-1,-1,-1,-1,-1.710335424,-2.406178119,-2.004203229,0.20451299,-0.557299458,0.485424434,-0.400665287,0.166053895,-0.518490461,0.053749645,5,CL4
More than 6 years,Iphone,Texting,Morning,Features and functions,More than 60,Maxmilhas,3 - 4 years,10,7,9,10,10,8,8,6,7,7,Text,WhatsApp,Don't use it,$301 - $700,10,Brazil,Brazil,36 - 45,WhatsApp,,,,,6,8.2,6,10,1,-0.545454545,0.444444444,1,1,-0.090909091,-0.090909091,-1,-0.545454545,-0.545454545,1.881866637,-1.431574242,-0.048518023,-0.409798907,0.026290615,0.436327223,0.439400669,0.023715406,-0.377833263,-0.287608121,5,CL6
More than 6 years,Iphone,Surfing the internet,Morning,Features and functions,Nov-35,USB,1 - 2 years,10,8,10,10,10,8,10,8,9,9,Text,WhatsApp,Yes,More than $700,5,Brazil,USA,26 - 35,WhatsApp,Safari,Gallery,Spotify,YouTube,7,9.2,8,10,1,-1,1,1,1,-1,1,-1,-0.166666667,-0.166666667,2.231529355,-1.260579503,0.776030351,-0.930330669,0.945887444,0.700229139,-0.855781819,-0.408948396,-0.258186038,-0.007210421,5,CL6
Between 4 - 6 years,Samsung,Social media,Afternoon,Features and functions,Nov-35,Best screens,1 - 2 years,1,1,1,1,1,1,1,1,1,1,Text,WhatsApp,Yes,$301 - $700,9,Brazil,USA,15 - 25,Netflix,hulu,Instagram,WhatsApp,YouTube,8,1,1,1,0,0,0,0,0,0,0,0,0,0,-0.026961378,0.069335711,-0.091920778,0.093364584,-0.006785688,-0.118319192,-0.013274219,-0.091582021,-0.014855215,0.013231187,5,CL5
More than 6 years,Huawei,Calling,Morning,Features and functions,Nov-35,Nn lo so,3 - 4 years,2,2,2,2,2,1,2,1,2,1,Call,WhatsApp,Don't use it,$301 - $700,5,Italy,Italy,26 - 35,FBMessenger,GMaps,WhatsApp,Facebook,meteo,9,1.7,1,2,1,1,1,1,1,-1,1,-1,1,-1,1.242361845,-2.046118644,1.209104609,0.977209335,1.667139552,-0.176197899,-0.540749481,-0.855708687,-1.23485566,-0.219860007,5,CL6
More than 6 years,Samsung,Social media,Night,Features and functions,10-Jan,Wireless charging,3 - 4 years,4,3,10,10,9,10,10,10,1,1,Text,Viber,Don't use it,$301 - $700,5,Montenegro,Italy,15 - 25,Instagram,Viber,WhatsApp,FBMessenger,Facebook,10,6.8,1,10,-0.482758621,-0.655172414,1,1,0.6875,1,1,1,-1,-1,2.365550396,0.53530629,0.710764705,0.718922779,-1.20597866,-1.403637677,-0.601688327,0.526022381,0.645480653,-0.002897054,5,CL5
More than 6 years,Iphone,Social media,Evening,Features and functions,10-Jan,Something that i can use instead of creating passwords for everything,1 - 2 years,10,10,9,9,8,10,10,10,10,10,Text,WhatsApp,Yes,$301 - $700,10,Mexico,Canada,26 - 35,Whatsapp,Facebook,Instagram,Safari,pinterest,11,9.6,8,10,1,1,-0.375,-0.375,-1,1,1,1,1,1,-1.190548437,1.097005763,0.833837922,2.188571961,-0.013800553,1.366195376,-0.090677975,-0.874498638,0.886589714,-0.26095941,5,CL7
Between 4 - 6 years,Iphone,Social media,Afternoon,Features and functions,Nov-35,Free music,3 - 4 years,4,10,10,10,10,10,10,10,10,10,Text,WhatsApp,No,$301 - $700,5,Colombia,Canada,26 - 35,WhatsApp,Facebook,Instagram,Outlook,Snapchat,12,9.4,4,10,-1,1,1,1,1,1,1,1,1,1,1.036327616,2.206580453,1.433129454,1.801193696,1.368376674,-0.898720926,0.490882863,0.123439007,-0.06309566,0.176675787,5,CL5
More than 6 years,Iphone,Navigation,Evening,Features and functions,Nov-35,Paying,1 - 2 years,10,1,10,10,10,7,1,1,1,1,Text,WhatsApp,Don't use it,$301 - $700,10,Brazil,Brazil,26 - 35,WhatsApp,Waze,Facebook,Instagram,Spotify,13,5.2,1,10,1,-1,1,1,1,0.375,-1,-1,-1,-1,2.28382913,-1.936104854,-0.367696732,-0.818821518,-0.479861348,-0.240015289,1.253948071,0.305354612,0.406604021,-0.248642723,5,CL6
Between 4 - 6 years,Infinix,Social media,Night,Features and functions,36 - 60,Not sure,1 - 2 years,7,5,9,6,10,8,10,5,8,9,Call,WhatsApp,Don't use it,0 - $300,9,Kenya,Italy,26 - 35,Whatsapp,Instagram,Facebook,YouTube,email,14,7.7,5,10,-0.259259259,-1,0.565217391,-0.62962963,1,0.130434783,1,-1,0.130434783,0.565217391,1.360934818,0.68931104,-0.063933172,-0.802442091,0.480037618,0.265521332,-0.207952694,-1.37179689,-0.221676214,1.310807068,5,CL5
Between 4 - 6 years,Samsung,Social media,Evening,Features and functions,Nov-35,"What? Question is not clear, feature of the phone? Or the apps?",1 - 2 years,2,3,4,8,2,4,8,2,1,7,Text,WhatsApp,Don't use it,0 - $300,3,Chile,Italy,26 - 35,WhatsApp,GMaps,GMail,YouTube,drive,15,4.1,1,8,-0.677419355,-0.35483871,-0.032258065,1,-0.677419355,-0.032258065,1,-0.677419355,-1,0.743589744,1.166683569,1.134891753,-1.29923309,-0.107541402,0.550667049,0.267617912,-1.253471811,0.086968653,0.161883518,-0.804744215,5,CL5
More than 6 years,Iphone,Surfing the internet,Night,Status from the brand,10-Jan,Download Music For Free,3 - 4 years,10,10,10,10,10,10,8,2,8,10,Text,WhatsApp,Yes,$301 - $700,7,Colombia,Canada,36 - 45,Facebook,Instagram,snapshat,WhatsApp,utube,16,8.8,2,10,1,1,1,1,1,1,-0.117647059,-1,-0.117647059,1,1.717648428,-0.283380997,-0.285861974,1.379315282,1.484289575,0.982693288,1.649517678,0.025834813,0.220054084,0.107180873,5,CL6
More than 6 years,Iphone,Texting,Night,Features and functions,Nov-35,Go Pro,3 - 4 years,8,5,10,6,10,6,6,6,6,5,Text,WhatsApp,Don't use it,More than $700,7,USA,Italy,26 - 35,WhatsApp,LinkedIn,Airbnb,BankAccount,calendar,17,6.8,5,10,0.375,-1,1,-0.444444444,1,-0.444444444,-0.444444444,-0.444444444,-0.444444444,-1,1.074538864,-1.500816897,0.218064735,-1.156895172,-0.348701674,-0.757894647,0.212060629,-0.176876312,0.184431792,1.057882531,5,CL6
More than 6 years,Motorola,Social media,Evening,Features and functions,10-Jan,Radio station.,3 - 4 years,1,1,2,2,2,1,1,2,2,1,Text,Your phones built in messaging service,Don't use it,0 - $300,6,India,India,36 - 45,Facebook,WhatsApp,YouTube,Outlook,,18,1.5,1,2,-1,-1,1,1,1,-1,-1,1,1,-1,0.336607586,-0.263248144,1.910792309,-1.555136914,0.376416717,-2.444473862,0.426292717,0.776659616,-0.313414863,-0.43970776,5,CL6
More than 6 years,Samsung,Surfing the internet,Evening,Features and functions,36 - 60,Unlocking all apps via facial recognition,1 - 2 years,3,3,2,1,1,1,1,3,3,2,Call,WhatsApp,Yes,$301 - $700,7,India,USA,36 - 45,GMaps,SamsungPay,Google chrome,YouTube,banking apps,19,2,1,3,1,1,0,-1,-1,-1,-1,1,1,0,-2.750583581,-1.150423329,0.822339947,0.496876454,0.473561323,0.144124879,0.120476013,0.200413381,0.684820982,0.14720764,5,CL4
More than 6 years,Samsung,Surfing the internet,Evening,Features and functions,36 - 60,Unlocking all apps via facial recognition,1 - 2 years,3,3,2,1,1,1,1,3,3,2,Call,WhatsApp,Yes,$301 - $700,7,India,USA,36 - 45,GMaps,SamsungPay,Google chrome,YouTube,banking apps,20,2,1,3,1,1,0,-1,-1,-1,-1,1,1,0,-2.750583581,-1.150423329,0.822339947,0.496876454,0.473561323,0.144124879,0.120476013,0.200413381,0.684820982,0.14720764,5,CL4
More than 6 years,Samsung,Social media,Evening,Features and functions,36 - 60,None,3 - 4 years,1,2,1,1,1,2,2,2,1,1,Text,WhatsApp,Yes,$301 - $700,9,India,USA,36 - 45,Facebook,WhatsApp,Robinhood,Scoop,,21,1.4,1,2,-1,1,-1,-1,-1,1,1,1,-1,-1,-0.916826909,1.069099667,-1.157701405,2.032592604,-2.029469967,-1.114594656,-1.377544973,-0.080162147,-0.09532996,0.374983945,5,CL7
More than 6 years,Huawei,Social media,Night,Features and functions,36 - 60,Security,1 - 2 years,1,1,1,1,1,1,1,2,2,2,Text,WhatsApp,Don't use it,$301 - $700,8,India,India,26 - 35,Whatsapp,Facebook,Instagram,WynkMusic,Quora,22,1.3,1,2,-1,-1,-1,-1,-1,-1,-1,1,1,1,-2.748339717,1.555617068,0.238740569,-1.885568512,-0.040283262,-0.253236097,-0.133891864,0.08304168,0.203112629,-0.121241759,5,CL7
Between 4 - 6 years,Iphone,Surfing the internet,Night,Features and functions,Nov-35,,1 - 2 years,8,5,10,10,10,8,10,9,7,8,Text,WhatsApp,Don't use it,$301 - $700,5,India,USA,26 - 35,Google,WhatsApp,GMaps,Facebook,Mail,23,8.5,5,10,-0.142857143,-1,1,1,1,-0.142857143,1,0.333333333,-0.428571429,-0.142857143,2.15699487,0.313096095,1.022119157,-0.419731361,0.105076468,-0.443672909,-0.748232167,0.307163276,0.171937931,0.141192052,5,CL5
More than 6 years,Xiaomi,Surfing the internet,Evening,Features and functions,Nov-35,None,1 - 2 years,5,10,8,4,4,3,3,10,8,3,Text,WhatsApp,Yes,0 - $300,2,Kazakhstan,USA,26 - 35,GMail,Chrome,GMaps,Spotify,WhatsApp,24,5.8,3,10,-0.285714286,1,0.523809524,-0.642857143,-0.642857143,-1,-1,1,0.523809524,-1,-1.923614434,-1.100273341,0.491818982,0.410032513,0.309901605,-1.779205666,-0.214099199,0.566094184,0.314036119,0.228214061,5,CL4
More than 6 years,Huawei,Calling,Morning,Features and functions,Nov-35,que se responda solo,3 - 4 years,2,2,1,1,1,1,1,2,2,1,Call,WhatsApp,Don't use it,$301 - $700,8,Colombia,Colomb,Over 60,Facebook,WhatsApp,Skype,Gallery,music,25,1.4,1,2,1,1,-1,-1,-1,-1,-1,1,1,-1,-3.119597284,-1.571053274,0.685051766,0.580422094,-0.683723561,-0.065139461,-0.088537636,0.045494572,-0.285372262,-0.32664216,5,CL4
More than 6 years,Iphone,Surfing the internet,Evening,Features and functions,More than 60,Nothing,3 - 4 years,7,1,3,1,1,1,1,1,1,1,Call,WhatsApp,No,$301 - $700,3,Italy,Italy,36 - 45,Safari,,,,,26,1.8,1,7,1,-1,0.230769231,-1,-1,-1,-1,-1,-1,-1,-0.522927922,-2.394313071,-1.337483567,-1.555490306,-0.673671414,0.101921808,-0.479730514,-0.362181172,0.937951498,0.243821752,5,CL4
More than 6 years,Samsung,Calling,Evening,Features and functions,Nov-35,App Data recovery,3 - 4 years,2,2,1,1,1,1,1,1,1,1,Call,WhatsApp,Don't use it,$301 - $700,9,India,Austra,36 - 45,Whatsapp,Duo,LinkedIn,Facebook,googlemap,27,1.2,1,2,1,1,-1,-1,-1,-1,-1,-1,-1,-1,-1.710335424,-2.406178119,-2.004203229,0.20451299,-0.557299458,0.485424434,-0.400665287,0.166053895,-0.518490461,0.053749645,5,CL4
More than 6 years,Iphone,Calling,Evening,Features and functions,36 - 60,DSLR,3 - 4 years,2,2,1,1,2,2,1,3,2,2,Call,WhatsApp,No,$301 - $700,5,India,Canada,26 - 35,Facebook,GMail,WhatsApp,YouTube,messenger,28,1.8,1,3,0.166666667,0.166666667,-1,-1,0.166666667,0.166666667,-1,1,0.166666667,0.166666667,-1.720822199,0.36339641,0.154397389,0.049135085,-1.085973445,0.18891897,0.870685658,0.510369518,-0.20136954,0.582932196,5,CL7
More than 6 years,HTC,Surfing the internet,Night,Features and functions,36 - 60,Battery life,1 - 2 years,8,10,9,2,3,1,4,7,6,5,Text,WhatsApp,Don't use it,$301 - $700,10,India,USA,26 - 35,Reddit,WhatsApp,Facebook,GMaps,GMail,29,5.5,1,10,0.555555556,1,0.777777778,-0.777777778,-0.555555556,-1,-0.333333333,0.333333333,0.111111111,-0.111111111,-1.244117854,-1.21267956,0.168969857,0.568331933,0.934982225,-0.28526931,-0.480467094,0.255892916,0.679809058,0.710596827,5,CL4
Between 2 - 4 years,Google,Calling,Morning,Features and functions,Nov-35,Facial Recognition,3 - 4 years,10,8,8,10,10,10,10,10,10,8,Call,WhatsApp,No,0 - $300,8,India,India,26 - 35,Uber,GMaps,YouTube,WSOP,GMAIL,30,9.4,8,10,1,-1,-1,1,1,1,1,1,1,-1,0.983341171,0.286854852,2.199737994,0.53339616,-2.075310341,0.552953122,0.241441285,-0.769107536,-0.917749356,-1.076957876,5,CL5
Between 4 - 6 years,Samsung,Social media,Morning,Features and functions,Nov-35,Movie player,1 - 2 years,2,2,1,1,1,1,2,2,2,2,Text,WhatsApp,Don't use it,$301 - $700,7,Mexico,Canada,26 - 35,WhatsApp,Facebook,Instagram,google,wheater,31,1.6,1,2,1,1,-1,-1,-1,-1,1,1,1,1,-2.487797692,0.394858323,0.948347283,1.058668569,0.470109275,1.714944225,-1.383522625,-0.379565023,-0.093039159,0.212841256,5,CL4
More than 6 years,Google,Social media,Night,Features and functions,Nov-35,Privacy,3 - 4 years,1,1,1,1,1,1,1,1,1,1,Call,WhatsApp,Don't use it,$301 - $700,7,Mexico,Canada,26 - 35,Whatsapp,Facebook,Instagram,Hotmail,gmail.,32,1,1,1,0,0,0,0,0,0,0,0,0,0,-0.026961378,0.069335711,-0.091920778,0.093364584,-0.006785688,-0.118319192,-0.013274219,-0.091582021,-0.014855215,0.013231187,5,CL5
Between 4 - 6 years,Samsung,Social media,Afternoon,Features and functions,10-Jan,Payments,3 - 4 years,8,6,8,8,8,6,8,6,1,8,Call,WhatsApp,Yes,More than $700,2,Colombia,Italy,36 - 45,WhatsApp,Facebook,GMaps,planner,,33,6.7,1,8,1,-0.122807018,1,1,1,-0.122807018,1,-0.122807018,-1,1,2.189426792,-0.055323932,0.432792551,0.374260633,0.938957993,1.345320798,-0.423105656,0.775090075,0.479339208,0.462027769,5,CL5
More than 6 years,Iphone,Texting,Evening,Features and functions,Nov-35,I don?t know,1 - 2 years,1,3,1,1,1,1,1,3,3,3,Text,Your phones built in messaging service,Don't use it,0 - $300,5,Brazil,USA,36 - 45,Netflix,what?s up,Facebook,YouTube,Amazon,34,1.8,1,3,-1,1,-1,-1,-1,-1,-1,1,1,1,-3.368424769,1.21734798,-0.14849165,-0.066590996,0.78436533,-0.429894205,-0.01712585,0.555698623,-0.348763062,0.0827213,5,CL7
Between 4 - 6 years,Lenovo,Calling,Evening,Features and functions,Nov-35,Hdmi,3 - 4 years,2,1,1,1,2,2,1,1,2,2,Call,WhatsApp,Don't use it,$301 - $700,8,India,India,36 - 45,WhatsApp,Scanner,Facebook,GMaps,Weather,35,1.5,1,2,1,-1,-1,-1,1,1,-1,-1,1,1,-0.398670402,0.35988152,-0.14536004,-1.013306492,-0.578980137,1.751727497,2.433691961,-1.462649749,-0.507773343,0.633976263,5,CL5
Between 2 - 4 years,Vivo,Calling,Night,Price,Nov-35,Nothing,3 - 4 years,2,1,2,1,2,1,1,2,2,1,Text,WhatsApp,No,0 - $300,4,India,India,36 - 45,Whatsapp,YouTube,Paytm,,,36,1.5,1,2,1,-1,1,-1,1,-1,-1,1,1,-1,-0.626117569,-1.762265834,2.253418352,-1.30176478,-0.385459663,-0.729746572,0.612794536,-0.082536713,0.50710776,1.208189143,5,CL6
More than 6 years,Iphone,Calling,Morning,Features and functions,10-Jan,I don?t,1 - 2 years,5,1,1,1,1,1,1,4,4,4,Call,WhatsApp,No,0 - $300,3,India,India,36 - 45,Truecaller,Facebook,WhatsApp,GMail,yahoo,37,2.3,1,5,1,-1,-1,-1,-1,-1,-1,0.62962963,0.62962963,0.62962963,-2.388359097,-0.269782787,0.427940612,-1.522402907,-0.536825277,1.2961926,0.027591135,-0.078786736,0.606676304,-0.209694366,5,CL4
More than 6 years,Samsung,Calling,Evening,Features and functions,10-Jan,Savings control,1 - 2 years,2,2,1,1,1,1,1,2,2,1,Text,WhatsApp,Don't use it,0 - $300,9,Mexico,Canada,26 - 35,WhatsApp,Myfitnessp,sunlife,canada trus,meetup.com,38,1.4,1,2,1,1,-1,-1,-1,-1,-1,1,1,-1,-3.119597284,-1.571053274,0.685051766,0.580422094,-0.683723561,-0.065139461,-0.088537636,0.045494572,-0.285372262,-0.32664216,5,CL4
More than 6 years,Samsung,Calling,Night,Features and functions,Nov-35,None,1 - 2 years,1,1,1,1,1,1,1,1,1,1,Call,WhatsApp,Yes,0 - $300,6,Colombia,Canada,46 - 60,WhatsApp,Instagram,Facebook,telegram,runner,39,1,1,1,0,0,0,0,0,0,0,0,0,0,-0.026961378,0.069335711,-0.091920778,0.093364584,-0.006785688,-0.118319192,-0.013274219,-0.091582021,-0.014855215,0.013231187,5,CL5
More than 6 years,Iphone,Surfing the internet,Evening,Features and functions,Nov-35,Handfree option like Alexa,3 - 4 years,9,9,10,10,8,8,8,8,8,9,Text,WhatsApp,No,$301 - $700,9,India,USA,36 - 45,Facebook,LinkedIn,Zomato,Priceline,Skype,40,8.7,8,10,0.230769231,0.230769231,1,1,-1,-1,-1,-1,-1,0.230769231,0.339604092,-1.335197866,-1.451811661,-0.57807012,1.567062583,-0.211720474,-0.175665484,0.931667772,0.961212154,-0.905874243,5,CL4
More than 6 years,Iphone,Calling,Evening,Features and functions,Nov-35,Wireless charging,3 - 4 years,9,4,5,7,9,8,9,9,7,8,Text,WhatsApp,Yes,$301 - $700,5,Colombia,Canada,36 - 45,WhatsApp,Flipboard,Facebook,Twitter,Spotify,41,7.5,4,9,1,-1,-0.714285714,-0.142857143,1,0.333333333,1,1,-0.142857143,0.333333333,0.612478276,0.676057531,1.354636444,-0.035366055,-1.441338191,1.483229038,-0.322557608,0.027608189,-0.209497344,0.544365742,5,CL5
Between 2 - 4 years,Iphone,Texting,Night,Features and functions,10-Jan,Face ID,Over 4 years,7,10,10,10,10,8,10,10,10,10,Text,WhatsApp,No,$301 - $700,10,India,India,15 - 25,WhatsApp,Quick,VLC,Instagram,Facebook,42,9.5,7,10,-1,1,1,1,1,-0.6,1,1,1,1,0.485923224,1.532831582,1.716110376,0.953908401,2.157593852,-0.852582813,-0.503364433,0.684093373,-0.550985092,0.278326129,5,CL5
More than 6 years,Samsung,Texting,Night,Features and functions,10-Jan,big data sharing app,3 - 4 years,4,3,10,10,10,10,9,8,4,10,Text,WhatsApp,Don't use it,0 - $300,8,Ethiopia,Italy,26 - 35,WhatsApp,LinkedIn,Viber,,,43,7.8,3,10,-0.791666667,-1,1,1,1,1,0.545454546,0.090909091,-0.791666667,1,2.45553851,1.788614987,0.00148863,-0.301211979,0.28314163,-0.287433774,0.374921115,0.451069096,0.674699644,0.300521098,5,CL5
More than 6 years,Iphone,Texting,Afternoon,Status from the brand,Nov-35,Space,3 - 4 years,10,6,9,10,10,5,8,5,5,5,Text,WhatsApp,Don't use it,More than $700,10,Honduras,Italy,26 - 35,WhatsApp,GMaps,Yummly,Safari,WIMB,44,7.3,5,10,1,-0.565217391,0.62962963,1,1,-1,0.259259259,-1,-1,-1,2.018872958,-2.116266761,-0.013941631,-0.702611159,0.158342359,0.213945559,-0.626434229,0.38706565,-0.579977281,-0.089391216,5,CL6
More than 6 years,Iphone,Texting,Evening,Features and functions,10-Jan,Take better photos,3 - 4 years,5,3,8,9,6,7,10,2,4,1,Text,WhatsApp,No,0 - $300,4,Germany,Italy,26 - 35,Whatsapp,outlook,Facebook,dkb (online,zeit (newspa,45,5.5,1,10,-0.111111111,-0.555555556,0.555555556,0.777777778,0.111111111,0.333333333,1,-0.777777778,-0.333333333,-1,1.842969903,-0.399058874,-0.242616924,0.15975621,-0.279555089,-0.710499803,-0.750401369,-0.895690374,-0.113142604,-0.500189067,5,CL5
More than 6 years,Iphone,Surfing the internet,Afternoon,Status from the brand,Nov-35,Holographic projections!,1 - 2 years,8,3,6,6,7,4,5,6,7,5,Text,WhatsApp,Yes,$301 - $700,7,Canada,Italy,36 - 45,Whatsapp,Instagram,GMail,Spotify,BBC News,46,5.7,3,8,1,-1,0.130434783,0.130434783,0.565217391,-0.62962963,-0.259259259,0.130434783,0.565217391,-0.259259259,0.155106186,-0.918062405,1.214473497,-1.0329753,-0.179465839,0.472583347,0.22160481,-0.229690378,-0.029212146,-0.063923992,5,CL6
More than 6 years,LG,Texting,Evening,Features and functions,Nov-35,Nothing,Over 4 years,6,1,7,7,4,8,8,5,1,6,Text,WhatsApp,Don't use it,0 - $300,2,USA,Italy,15 - 25,WhatsApp,reddit is,LINE,Facebook,GMaps,47,5.3,1,8,0.259259259,-1,0.62962963,0.62962963,-0.302325581,1,1,-0.069767442,-1,0.259259259,1.893962639,0.681419774,-0.349346381,0.198706129,-0.595052341,0.390645176,-0.544389162,-0.307302261,1.289742908,-0.281635597,5,CL5
More than 6 years,Huawei,Surfing the internet,Night,Features and functions,10-Jan,,3 - 4 years,1,2,1,1,1,2,1,2,2,1,Text,Skype,Don't use it,$301 - $700,6,Japan,Italy,36 - 45,Facebook,Instagram,WhatsApp,Skype,wechat,48,1.4,1,2,-1,1,-1,-1,-1,1,-1,1,1,-1,-2.496547703,0.687867615,-0.322627072,1.255440012,-1.365776375,-1.816356721,0.868919749,-0.545271404,-0.209367573,-0.351734082,5,CL7
More than 6 years,Lenovo,Surfing the internet,Afternoon,Features and functions,Nov-35,,3 - 4 years,5,1,4,8,8,8,8,8,8,8,Call,WhatsApp,Don't use it,$301 - $700,4,India,Italy,15 - 25,Instagram,GMail,GMaps,Snapchat,Telegram,49,6.6,1,8,-0.285714286,-1,-0.464285714,1,1,1,1,1,1,1,1.004649453,2.427206204,1.721401009,0.049227189,-0.407670203,0.549215778,0.431174345,-0.322399135,-0.396748284,-0.53250179,5,CL5
More than 6 years,Iphone,Social media,Night,Status from the brand,Nov-35,I don?t know,1 - 2 years,9,5,10,10,10,7,9,6,7,8,Call,WhatsApp,Don't use it,$301 - $700,8,Italy,Italy,15 - 25,Whatsapp,Instagram,Facebook,YouTube,Spotify,50,8.1,5,10,0.473684211,-1,1,1,1,-0.35483871,0.473684211,-0.677419355,-0.35483871,-0.032258065,2.177185582,-0.599980988,0.468603951,-0.832654578,0.6011708,0.181657329,-0.172854792,-0.051932365,0.040616024,0.003180075,5,CL6
More than 6 years,Samsung,Surfing the internet,Morning,Status from the brand,36 - 60,VR,3 - 4 years,4,10,7,1,3,8,2,9,6,5,Text,WhatsApp,No,$301 - $700,5,India,USA,46 - 60,Facebook,,,,,51,5.5,1,10,-0.333333333,1,0.333333333,-1,-0.555555556,0.555555556,-0.777777778,0.777777778,0.111111111,-0.111111111,-1.381565747,0.186932138,-0.317112177,1.112381786,-0.174814248,-1.045153845,0.638999497,0.139883283,0.822839469,0.683039687,5,CL7
More than 6 years,Iphone,Social media,Evening,Features and functions,10-Jan,Automatic charging,3 - 4 years,8,6,9,10,10,8,6,5,4,6,Call,WhatsApp,Don't use it,0 - $300,7,Italy,Italy,15 - 25,Whatsapp,Facebook,Instagram,GMail,InShot,52,7.2,4,10,0.285714286,-0.375,0.642857143,1,1,0.285714286,-0.375,-0.6875,-1,-0.375,1.968137624,-0.767167029,-0.48477665,-0.238150215,-0.03625927,-0.22555079,0.673266334,0.589722408,-0.088426601,-0.070716333,5,CL5
More than 6 years,Motorola,Social media,Morning,Features and functions,10-Jan,none,3 - 4 years,5,4,4,8,8,8,8,4,4,8,Text,WhatsApp,Don't use it,0 - $300,7,France,Italy,36 - 45,WhatsApp,Gallery,linkedIn,calendar,email,53,6.1,4,8,-0.523809524,-1,-1,1,1,1,1,-1,-1,1,2.15924124,1.902813451,-1.167357396,-0.398076343,-0.553289885,1.141987181,0.068666309,-0.164547015,-1.08714952,-0.311481423,5,CL5
Between 4 - 6 years,Samsung,Calling,Evening,Cost,10-Jan,,Over 4 years,1,1,1,1,1,1,1,2,2,1,Call,Your phones built in messaging service,No,0 - $300,3,USA,USA,26 - 35,LinkedIn,GMail,,,,54,1.2,1,2,-1,-1,-1,-1,-1,-1,-1,1,1,-1,-2.564468142,0.183950614,0.4183313,-1.622644123,-1.203903496,-1.582025971,-0.490655385,-0.31711039,-0.267353673,-0.428634214,5,CL4
More than 6 years,Iphone,Social media,Morning,Features and functions,36 - 60,?,3 - 4 years,5,6,10,10,10,10,10,5,5,5,Text,Your phones built in messaging service,No,$301 - $700,10,USA,USA,46 - 60,SnapChat,Instagram,Facebook,Safari,text,55,7.6,5,10,-1,-0.615384615,1,1,1,1,1,-1,-1,-1,3.130298978,0.273006494,-0.763770325,0.219034833,-0.334881781,-1.53426151,-0.27231932,-0.537915117,-0.32093441,0.084935743,5,CL5
More than 6 years,Samsung,Surfing the internet,Evening,Features and functions,Nov-35,Turn off for required time,3 - 4 years,1,2,1,1,1,1,1,1,1,2,Call,WhatsApp,Don't use it,$301 - $700,10,India,USA,36 - 45,GMail,Facebook,GMaps,google,linkedIn,56,1.2,1,2,-1,1,-1,-1,-1,-1,-1,-1,-1,1,-1.959162908,0.382223135,-2.837746645,-0.4425001,0.910789433,0.12066969,-0.329253501,0.676257945,-0.58188126,0.463113105,5,CL7
Between 2 - 4 years,Huawei,Texting,Morning,Features and functions,Nov-35,Don't understand the question,1 - 2 years,6,7,6,8,6,8,8,5,5,7,Text,WhatsApp,Don't use it,0 - $300,6,Hungary,Italy,26 - 35,Whatsapp,GMail,FBMessenger,Weather,fbook,57,6.6,5,8,-0.375,0.285714286,-0.375,1,-0.375,1,1,-1,-1,0.285714286,1.465056734,0.923674128,-1.661358436,1.033035484,-0.082444024,0.34796987,-0.463632565,-0.339040559,-0.265724211,-0.85284644,5,CL5
Between 4 - 6 years,Samsung,Texting,Afternoon,Features and functions,36 - 60,none,Over 4 years,6,4,5,6,6,6,4,4,2,6,Text,WhatsApp,No,0 - $300,5,Italy,Italy,36 - 45,WhatsApp,firefox,RassegnaStamp,SamsungMusi,shazam,58,4.9,2,6,1,-0.310344828,0.090909091,1,1,1,-0.310344828,-0.310344828,-1,1,1.740870789,0.242627546,-0.358422184,0.230505514,-0.135780746,1.475727685,1.344493629,0.809348568,0.328913531,-0.08225121,5,CL5
More than 6 years,Huawei,Surfing the internet,Evening,Features and functions,Nov-35,None,3 - 4 years,2,2,1,1,1,1,1,2,2,1,Text,WhatsApp,Don't use it,0 - $300,9,Uganda,Italy,26 - 35,Whatsapp,Facebook,linkedIn,BankAccount,Instagram,59,1.4,1,2,1,1,-1,-1,-1,-1,-1,1,1,-1,-3.119597284,-1.571053274,0.685051766,0.580422094,-0.683723561,-0.065139461,-0.088537636,0.045494572,-0.285372262,-0.32664216,5,CL4
More than 6 years,Iphone,Texting,Afternoon,Status from the brand,Nov-35,nothing,3 - 4 years,7,8,6,9,9,9,6,5,4,6,Call,WhatsApp,Don't use it,$301 - $700,9,Italy,Italy,26 - 35,WhatsApp,Facebook,Instagram,GMaps,GMail,60,6.9,4,9,0.047619048,0.523809524,-0.310344828,1,1,1,-0.310344828,-0.655172414,-1,-0.310344828,1.498069365,-0.123345964,-1.048115837,0.888278579,-0.505597242,-0.040625105,1.060001674,0.613156578,-0.8664295,-0.298178919,5,CL6
More than 6 years,Google,Surfing the internet,Afternoon,Features and functions,More than 60,Dual sim,1 - 2 years,2,3,3,3,3,3,2,1,1,1,Text,WhatsApp,Yes,$301 - $700,8,India,India,15 - 25,WhatsApp,Instagram,Newstand,Facebook,Chrome,61,2.2,1,3,-0.166666667,1,1,1,1,1,-0.166666667,-1,-1,-1,2.180717833,-0.937160013,-1.062404836,1.415896268,0.210027918,-1.234558038,0.904408211,0.279364738,-0.381995335,0.071800824,5,CL6
More than 6 years,Lenovo,Social media,Night,Features and functions,Nov-35,Holograms,3 - 4 years,2,2,1,1,1,1,1,2,1,1,Text,WhatsApp,No,0 - $300,9,India,India,15 - 25,WhatsApp,Instagram,YouTube,Chrome,Flipkart,62,1.3,1,2,1,1,-1,-1,-1,-1,-1,1,-1,-1,-2.355547658,-1.784066365,-0.592908816,0.616403821,-1.337629755,0.185328793,-0.683253849,1.335815494,0.106798549,0.167984907,5,CL4
More than 6 years,Iphone,Surfing the internet,Evening,Status from the brand,10-Jan,I don?t know,3 - 4 years,9,4,8,9,9,6,7,6,6,6,Call,WhatsApp,Don't use it,$301 - $700,8,Italy,Italy,36 - 45,Whatsapp,YouTube,Facebook,Instagram,Spotify.,63,7,4,9,1,-1,0.5,1,1,-0.333333333,0,-0.333333333,-0.333333333,-0.333333333,1.686476878,-1.069057781,0.702037386,-0.809633052,-0.077367365,0.493031303,0.195560033,0.256731334,-0.081407176,-0.272005692,5,CL6
Between 4 - 6 years,Motorola,Calling,Morning,Features and functions,More than 60,Charge without elecricity,1 - 2 years,2,2,1,1,1,1,1,2,2,2,Call,WhatsApp,Don't use it,0 - $300,7,India,India,15 - 25,WhatsApp,AmazonPrim,SonyLiv,TOI,Hotstar,64,1.5,1,2,1,1,-1,-1,-1,-1,-1,1,1,1,-3.303468859,-0.19938682,0.505461034,0.317497705,0.479896673,1.263650414,0.268225884,0.445646642,0.18509404,-0.019249705,5,CL4
More than 6 years,Samsung,Texting,Morning,Features and functions,10-Jan,Nothing,Over 4 years,2,2,2,1,1,1,2,1,2,1,Text,WhatsApp,Don't use it,$301 - $700,6,Brazil,Brazil,36 - 45,Whatsapp,Twitter,CandyCrush,Waze,BrB banknet,65,1.5,1,2,1,1,1,-1,-1,-1,1,-1,1,-1,-0.736814901,-2.12932645,0.170810695,1.005535236,1.237768871,-0.224011203,-1.396433805,-2.039793143,0.281125716,0.431520684,5,CL4
More than 6 years,Iphone,Social media,Afternoon,Status from the brand,Nov-35,Photos,1 - 2 years,1,10,3,4,5,2,6,7,9,8,Text,WhatsApp,Yes,$301 - $700,8,Colombia,Colomb,36 - 45,Facebook,Instagram,WhatsApp,photos,Deezer,66,5.5,1,10,-1,1,-0.555555556,-0.333333333,-0.111111111,-0.777777778,0.111111111,0.333333333,0.777777778,0.555555556,-1.527689803,1.015177508,0.013533454,0.382160671,0.993960867,-0.531684723,-0.46490319,0.106856432,-1.020191132,0.193331042,5,CL7
More than 6 years,Iphone,Playing games,Evening,Features and functions,Nov-35,Nothing,3 - 4 years,9,7,8,9,9,8,8,9,7,8,Call,WhatsApp,Yes,More than $700,7,Brazil,Brazil,26 - 35,Bank,WhatsApp,Facebook,Instagram,airline comp,67,8.2,7,9,1,-1,-0.166666667,1,1,-0.166666667,-0.166666667,1,-1,-0.166666667,1.177757499,-0.413551504,0.984174175,-0.550405344,-1.183632292,0.748195976,0.05945109,1.54049634,0.08940748,-0.248722329,5,CL5
Between 4 - 6 years,Iphone,Texting,Evening,Features and functions,10-Jan,Reload,1 - 2 years,8,5,5,8,8,8,8,8,1,8,Text,WhatsApp,Yes,$301 - $700,10,Colombia,Colomb,36 - 45,CamScanner,Radio,Linio,DaviPlata,WhatsApp,68,6.7,1,8,1,-0.298245614,-0.298245614,1,1,1,1,1,-1,1,1.669418846,1.14070974,0.765672603,0.978316875,-0.872403977,1.750836056,0.065955186,1.055520716,0.267008633,0.021296805,5,CL5
Between 4 - 6 years,Iphone,Calling,Morning,Features and functions,Nov-35,More baterry life,1 - 2 years,10,9,8,10,10,10,10,9,1,1,Text,WhatsApp,Don't use it,$301 - $700,7,Colombia,Colomb,36 - 45,Waze,Traductor,TripAdvisor,WhatsApp,Facebook,69,7.8,1,10,1,0.545454546,0.090909091,1,1,1,1,0.545454546,-1,-1,1.9177273,-0.618249696,0.549531292,1.933612475,-1.286849629,0.238610285,-0.165405365,0.57133096,-0.292364433,-0.101427108,5,CL6
More than 6 years,Samsung,Surfing the internet,Night,Features and functions,Nov-35,none,Over 4 years,3,2,8,8,8,8,6,4,2,8,Call,WhatsApp,Don't use it,0 - $300,4,Italy,Italy,26 - 35,WhatsApp,linkedIn,GMail,amazon,skyscanner,70,5.7,2,8,-0.72972973,-1,1,1,1,1,0.130434783,-0.459459459,-1,1,2.545431031,1.428044905,-0.591649653,-0.552715402,0.422363082,-0.219963172,0.742326482,0.431408961,0.617729191,0.269289949,5,CL5
More than 6 years,Iphone,Texting,Evening,Features and functions,Nov-35,-,3 - 4 years,8,5,7,6,5,8,7,5,3,4,Text,WhatsApp,Don't use it,$301 - $700,9,Colombia,Italy,26 - 35,Airbnb,Splitwise,Bank,GoEuro,Uber,71,5.8,3,8,1,-0.285714286,0.545454546,0.090909091,-0.285714286,1,0.545454546,-0.285714286,-1,-0.642857143,1.356070057,-0.78486841,-0.514407155,0.855704865,-1.023563234,0.329855232,-0.174931538,-0.492879284,1.078999822,0.003226694,5,CL6
Between 4 - 6 years,Xiaomi,Surfing the internet,Night,Features and functions,36 - 60,No idea,3 - 4 years,4,4,1,1,2,3,1,10,10,10,Call,WhatsApp,No,0 - $300,7,India,India,15 - 25,MoneyContro,whatsapp,UCBrowser,YouTube,paytm,72,4.6,1,10,-0.166666667,-0.166666667,-1,-1,-0.722222222,-0.444444444,-1,1,1,1,-2.656378712,1.058434489,0.352584508,-0.695517204,-0.101469398,0.372362545,0.483997843,0.099863774,0.194272623,0.038527342,5,CL7
Between 2 - 4 years,Iphone,Surfing the internet,Evening,Features and functions,10-Jan,File manager,1 - 2 years,4,2,6,6,6,5,5,3,3,3,Call,WhatsApp,Yes,$301 - $700,6,India,Italy,26 - 35,FBMessenger,Instagram,WhatsApp,Inshrorts,Duo,73,4.3,2,6,-0.130434783,-1,1,1,1,0.411764706,0.411764706,-0.565217391,-0.565217391,-0.565217391,2.489196607,-0.220655945,0.114380294,-0.468704931,-0.107336285,-0.710556421,0.094979064,-0.167046097,0.072693233,-0.045383163,5,CL5
More than 6 years,Samsung,Texting,Afternoon,Features and functions,10-Jan,lenghtening battery,1 - 2 years,6,4,10,10,7,9,7,7,4,7,Text,WhatsApp,Don't use it,$301 - $700,9,Italy,Italy,15 - 25,WhatsApp,Instagram,Facebook,GMaps,spotify,74,7.1,4,10,-0.35483871,-1,1,1,-0.032258065,0.655172414,-0.032258065,-0.032258065,-1,-0.032258065,1.838622286,0.393389362,-0.425172557,-0.417846374,-0.216608671,-0.714821912,0.080779447,0.417585487,1.160501318,-0.448011009,5,CL5
More than 6 years,Xiaomi,Calling,Evening,Features and functions,Nov-35,Don't leak data please,3 - 4 years,1,2,1,1,1,1,1,1,2,2,Call,WhatsApp,Don't use it,0 - $300,8,India,India,15 - 25,Paytm,WhatsApp,Facebook,Instagram,Ola,75,1.3,1,2,-1,1,-1,-1,-1,-1,-1,-1,1,1,-2.723212535,0.595236226,-1.559786063,-0.478481828,1.564695627,-0.129798564,0.265462712,-0.614062977,-0.974052071,-0.031513962,5,CL7
More than 6 years,Iphone,Texting,Evening,Features and functions,Nov-35,Automatic turn off after charged phone,3 - 4 years,4,3,3,7,7,5,7,7,4,6,Call,WhatsApp,Yes,$301 - $700,7,Italy,Italy,26 - 35,Whatsapp,FBMessenge,GMaps,Note,Safari,76,5.3,3,7,-0.565217391,-1,-1,1,1,-0.130434783,1,1,-0.565217391,0.411764706,1.011793624,1.721114848,0.760968119,-0.52325455,-0.969805115,0.394155913,-0.897931799,1.005411257,-1.041244909,-0.321253952,5,CL5
More than 6 years,Iphone,Social media,Afternoon,Status from the brand,More than 60,the charger and earphones plug in iphone,3 - 4 years,8,8,8,8,8,5,8,8,8,8,Text,WhatsApp,Don't use it,More than $700,10,Venezuela,Italy,15 - 25,Facebook,FBMessenge,WhatsApp,Spotify,linkedIn,77,7.7,5,8,1,1,1,1,1,-1,1,1,1,1,0.413278035,-0.052340436,2.440808291,1.126175778,2.050429489,0.852496335,-0.466574523,0.714204983,-0.139100349,0.20176771,5,CL5
More than 6 years,Samsung,Social media,Morning,Features and functions,Nov-35,N/a,Over 4 years,1,1,3,3,3,2,3,3,3,3,Text,WhatsApp,No,$301 - $700,3,Canada,Canada,36 - 45,WhatsApp,Instagram,Facebook,paybyphone,,78,2.5,1,3,-1,-1,1,1,1,-0.333333333,1,1,1,1,1.197742341,1.983392148,2.056179108,-0.723854899,1.201409063,-0.68361439,-0.454422564,0.117994035,0.082205504,0.057421347,5,CL5
Between 4 - 6 years,Xiaomi,Texting,Night,Features and functions,36 - 60,Projector,1 - 2 years,1,6,5,4,7,10,9,2,3,8,Text,WhatsApp,Don't use it,0 - $300,7,India,Italy,15 - 25,WhatsApp,Duolingo,Instagram,LinkedIn,,79,5.5,1,10,-1,0.111111111,-0.111111111,-0.333333333,0.333333333,1,0.777777778,-0.777777778,-0.555555556,0.555555556,0.915481962,1.506921938,-1.354709704,0.543324334,-0.005604581,-0.207252498,-0.020347047,-0.714303298,-0.357992691,0.719785713,5,CL5
Between 2 - 4 years,Xiaomi,Social media,Night,Features and functions,More than 60,Wireless Charging,3 - 4 years,9,7,3,4,5,6,8,2,1,10,Text,WhatsApp,Don't use it,0 - $300,2,India,Canada,15 - 25,WhatsApp,MortalKomb,Maps,Outlook,,80,5.5,1,10,0.777777778,0.333333333,-0.555555556,-0.333333333,-0.111111111,0.111111111,0.555555556,-0.777777778,-1,1,0.220530392,0.144825609,-1.294816787,0.497393575,0.118659388,1.791874424,-0.357237029,-0.057367826,-0.046689056,0.474319723,5,CL5
Less than 2 years,Motorola,Calling,Morning,Features and functions,Nov-35,Backup,Over 4 years,10,9,8,7,6,5,4,3,2,1,Call,WhatsApp,Don't use it,More than $700,1,India,India,46 - 60,Maps,Gmail,Outlook,Gallery,,81,5.5,1,10,1,0.777777778,0.555555556,0.333333333,0.111111111,-0.111111111,-0.333333333,-0.555555556,-0.777777778,-1,0.638720586,-1.991460182,-0.550480825,0.881033024,-0.006848704,-0.148437241,0.125432714,0.314387671,0.085753913,-0.035885886,5,CL6
Less than 2 years,Sony,Calling,Evening,Features and functions,10-Jan,none,Over 4 years,1,2,3,4,10,6,5,7,8,9,Call,WhatsApp,Don't use it,0 - $300,1,India,India,Over 60,WhatsApp,,,,,82,5.5,1,10,-1,-0.777777778,-0.555555556,-0.333333333,1,0.111111111,-0.111111111,0.333333333,0.555555556,0.777777778,-0.168280063,1.753391937,0.393239225,-0.959919275,-0.135367844,-0.236627113,0.561216391,-0.103603809,-0.814786274,0.629154205,5,CL5
More than 6 years,Samsung,Texting,Evening,Features and functions,Nov-35,Information searched to be read by Google,3 - 4 years,1,1,1,1,1,1,1,1,4,4,Text,WhatsApp,No,0 - $300,4,India,India,26 - 35,WhatsApp,Instagram,zomato,book my sho,ITS,83,1.6,1,4,-1,-1,-1,-1,-1,-1,-1,-1,1,1,-2.103127483,0.933505314,-1.172553844,-2.297459344,0.740047035,0.046859545,0.148696698,-1.086719919,-0.422176381,-0.235477021,5,CL7
More than 6 years,Iphone,Surfing the internet,Morning,Features and functions,10-Jan,SIMless,Over 4 years,10,9,10,9,10,9,8,7,7,7,Text,WhatsApp,Don't use it,More than $700,9,India,India,26 - 35,LinkedIn,Instagram,Whatsapp,GMaps,chrome,84,8.6,7,10,1,0.285714286,1,0.285714286,1,0.285714286,-0.375,-1,-1,-1,1.742356782,-2.034846285,-0.573626517,0.488171033,-0.072107436,-0.202411989,0.722054437,0.115061821,0.040064737,0.585630088,5,CL6
Between 2 - 4 years,Nokia,Calling,Morning,Features and functions,Nov-35,Not needed,Over 4 years,2,1,1,1,1,1,1,2,2,1,Call,WhatsApp,Yes,0 - $300,7,India,India,46 - 60,Whtsapp,f.b,google,bookg taxi,GMaps,85,1.3,1,2,1,-1,-1,-1,-1,-1,-1,1,1,-1,-2.499512232,-1.232784186,1.072283985,-1.238555422,-1.508372153,0.111518648,-0.20530365,-0.427162371,0.266503428,-0.530605218,5,CL4
More than 6 years,Xiaomi,Texting,Morning,Features and functions,10-Jan,Expense tracker,3 - 4 years,2,3,2,1,1,2,1,2,3,2,Text,WhatsApp,No,0 - $300,8,India,India,46 - 60,WhatsApp,Google pho,Quran,hijri cal,WeChat.,86,1.9,1,3,0.090909091,1,0.090909091,-1,-1,0.090909091,-1,0.090909091,1,0.090909091,-2.078008284,-0.291617719,-0.296869528,0.705167036,0.533756852,-0.501694793,0.81611715,-0.649453621,0.578787658,0.115403181,5,CL7
Between 4 - 6 years,Lenovo,Calling,Evening,Features and functions,Nov-35,Writing messages which can be sent later at a pre scheduled time,1 - 2 years,2,2,2,2,1,1,1,1,2,2,Call,WhatsApp,Paytm,0 - $300,4,India,India,46 - 60,Uber,WhatsApp,Paytm,Amazon,Words with F,87,1.6,1,2,1,1,1,1,-1,-1,-1,-1,1,1,-0.708676579,-1.269622249,-0.140339644,0.132156548,2.868584227,0.63230219,0.71092814,-0.065285061,0.743059694,-1.24304573,5,CL4
More than 6 years,Samsung,Calling,Afternoon,Features and functions,36 - 60,Computer,3 - 4 years,1,1,1,1,1,2,2,2,2,2,Call,WhatsApp,Don't use it,$301 - $700,7,India,India,46 - 60,WhatsApp,bank,google instan,cam scanner,railway,88,1.5,1,2,-1,-1,-1,-1,-1,1,1,1,1,1,-1.244663059,2.9920483,0.327900664,-0.085291029,-1.036592131,0.140385073,-0.542831253,-1.442987942,0.534841221,-0.016213726,5,CL7
Between 2 - 4 years,Motorola,Calling,Afternoon,Features and functions,10-Jan,Nothing,Over 4 years,4,1,2,1,1,1,1,1,4,1,Text,WhatsApp,Don't use it,0 - $300,7,India,India,36 - 45,Zomato,uber,Amazon,whatsup,flight statu,89,1.7,1,4,1,-1,0.130434783,-1,-1,-1,-1,-1,1,-1,-1.333226661,-2.154690955,-0.082307288,-1.596279714,-0.077505164,-0.102881169,0.111912265,-1.647971269,0.472038871,-0.282927747,5,CL4
More than 6 years,Samsung,Social media,Evening,Features and functions,Nov-35,Battery which lasts for days,3 - 4 years,2,10,3,4,1,6,5,7,8,9,Call,WhatsApp,Don't use it,More than $700,4,India,India,15 - 25,WhatsApp,Reddit,Google Chrome,Inshorts,Snapchat,90,5.5,1,10,-0.777777778,1,-0.555555556,-0.333333333,-1,0.111111111,-0.111111111,0.333333333,0.555555556,0.777777778,-1.663745133,1.294368408,-0.605273055,0.858668617,0.591860319,-0.274480893,-0.060120257,-0.130632412,-0.016709133,-0.299362627,5,CL7
More than 6 years,Motorola,Texting,Night,Features and functions,Nov-35,Ide for coding,1 - 2 years,2,2,1,1,1,1,1,2,2,2,Text,WhatsApp,Yes,0 - $300,8,India,India,15 - 25,WhatsApp,Facebook,LinkedIn,Instagram,Appy Geek,91,1.5,1,2,1,1,-1,-1,-1,-1,-1,1,1,1,-3.303468859,-0.19938682,0.505461034,0.317497705,0.479896673,1.263650414,0.268225884,0.445646642,0.18509404,-0.019249705,5,CL4
More than 6 years,Samsung,Calling,Afternoon,Features and functions,Nov-35,Easy music and movies,Over 4 years,1,1,1,1,1,1,1,2,2,2,Call,WhatsApp,Don't use it,$301 - $700,4,India,India,46 - 60,Whatsapp,Facebook,Instagram,Google,playstore,92,1.3,1,2,-1,-1,-1,-1,-1,-1,-1,1,1,1,-2.748339717,1.555617068,0.238740569,-1.885568512,-0.040283262,-0.253236097,-0.133891864,0.08304168,0.203112629,-0.121241759,5,CL7
More than 6 years,Samsung,Social media,Night,Features and functions,Nov-35,facetime,1 - 2 years,1,2,1,1,1,2,1,2,2,2,Text,WhatsApp,Don't use it,More than $700,6,India,India,46 - 60,firefox,watsapp,office,camera,utube,93,1.5,1,2,-1,1,-1,-1,-1,1,-1,1,1,1,-2.680419278,2.059534069,-0.502217803,0.992515623,-0.202156141,-0.487566847,1.22568327,-0.145119334,0.261098729,-0.044341628,5,CL7
More than 6 years,OnePlus,Social media,Night,Features and functions,More than 60,3d camera,3 - 4 years,1,2,1,1,1,2,1,2,2,2,Text,WhatsApp,Don't use it,$301 - $700,5,India,India,36 - 45,Whatsapp,Instagram,Chrome,Facebook,GMaps,94,1.5,1,2,-1,1,-1,-1,-1,1,-1,1,1,1,-2.680419278,2.059534069,-0.502217803,0.992515623,-0.202156141,-0.487566847,1.22568327,-0.145119334,0.261098729,-0.044341628,5,CL7
Between 4 - 6 years,Lenovo,Social media,Night,Features and functions,36 - 60,Laser-tape,3 - 4 years,8,9,7,7,7,10,10,5,5,3,Text,WhatsApp,No,$301 - $700,7,India,India,26 - 35,WhatsApp,Facebook,Instagram,Spotify,Chrome,95,7.1,3,10,0.310344828,0.655172414,-0.024390244,-0.024390244,-0.024390244,1,1,-0.512195122,-0.512195122,-1,0.949290347,-0.437352139,-0.689834271,1.683344773,-0.850747165,-0.229467169,-0.404713445,-0.899377713,-0.241310319,0.06059383,5,CL6
Less than 2 years,Oppo,Texting,Morning,Features and functions,10-Jan,ConverTing voice msg into written,Over 4 years,1,2,1,1,1,1,1,2,2,2,Text,WhatsApp,Don't use it,0 - $300,2,India,India,Over 60,Ola,uber,amazon,,,96,1.4,1,2,-1,1,-1,-1,-1,-1,-1,1,1,1,-3.368424769,1.21734798,-0.14849165,-0.066590996,0.78436533,-0.429894205,-0.01712585,0.555698623,-0.348763062,0.0827213,5,CL7
More than 6 years,Iphone,Calling,Afternoon,Status from the brand,10-Jan,Cloud calling,1 - 2 years,1,2,1,2,1,1,1,2,1,3,Call,WhatsApp,Yes,$301 - $700,6,India,India,26 - 35,Instagram,Facebook,pinterest,GMail,whatsapp.,97,1.5,1,3,-1,0.333333333,-1,0.333333333,-1,-1,-1,0.333333333,-1,1,-1.497488671,0.964575926,-1.560255202,-0.687087674,0.420624853,-0.034629816,-0.490667937,1.797976263,-0.172173705,-0.695296345,5,CL7
More than 6 years,Samsung,Texting,Afternoon,Features and functions,Nov-35,Face Recognition,1 - 2 years,5,2,7,8,8,9,8,7,4,10,Call,WhatsApp,Don't use it,$301 - $700,9,Italy,Italy,15 - 25,Facebook,Whatsapp,Tinder,Pornhub,Spotify,98,6.8,2,10,-0.375,-1,0.0625,0.375,0.375,0.6875,0.375,0.0625,-0.583333333,1,1.170996267,1.547202122,-0.269031078,-0.495515625,-0.219797673,0.425852387,0.150799389,0.129259091,0.449319523,0.12961642,5,CL5
More than 6 years,Iphone,Texting,Afternoon,the interface I'm used,Nov-35,better control power usage,3 - 4 years,6,4,5,7,8,6,6,3,3,6,Text,WhatsApp,Yes,$301 - $700,8,Syria,USA,26 - 35,Instagram,FBMessenge,WhatsApp,Strava,Spotify,99,5.4,3,8,0.230769231,-0.583333333,-0.166666667,0.615384615,1,0.230769231,0.230769231,-1,-1,0.230769231,1.733440291,-0.019042206,-0.837154579,-0.450707098,-0.169112128,0.70647211,0.227237357,0.143734324,-0.641646778,0.137222743,5,CL5
More than 6 years,Iphone,Surfing the internet,Night,Status from the brand,Nov-35,vr,1 - 2 years,7,6,8,7,10,1,1,1,1,1,Text,WhatsApp,Yes,More than $700,9,Italy,Italy,26 - 35,WhatsApp,youtube,Safari,mail,Facebook,100,4.3,1,10,0.473684211,0.298245614,0.649122807,0.473684211,1,-1,-1,-1,-1,-1,0.959041297,-2.290460631,-0.709570579,-0.518505423,0.491502279,-0.595438458,0.363458555,0.941641798,-0.693842208,0.346101556,5,CL4
More than 6 years,Iphone,Surfing the internet,Night,Status from the brand,Nov-35,Nothing,1 - 2 years,10,8,8,9,9,8,6,4,10,4,Call,WhatsApp,No,More than $700,8,Italy,Italy,26 - 35,Shazam,instagram,Facebook,what?s app,telegram,101,7.6,4,10,1,0.166666667,0.166666667,0.583333333,0.583333333,0.166666667,-0.444444444,-1,1,-1,0.516518245,-1.639407244,0.438701299,0.267794929,0.186119259,-0.092852754,1.124705337,-1.074526593,-0.744918059,-0.677676239,5,CL6
More than 6 years,OnePlus,Texting,Afternoon,Features and functions,Nov-35,customization,3 - 4 years,1,1,7,8,7,7,6,2,1,6,Text,Telegram,Don't use it,$301 - $700,5,Italy,Italy,15 - 25,WhatsApp,telegram,Facebook,chrome,YouTube,102,4.6,1,8,-1,-1,0.705882353,1,0.705882353,0.705882353,0.411764706,-0.722222222,-1,0.411764706,2.413561816,1.171933866,-0.871997745,-0.623602073,0.202352876,-0.604536153,0.100544121,0.111207024,0.160870421,-0.02672038,5,CL5
Between 4 - 6 years,LG,Social media,Evening,Features and functions,10-Jan,don't know,3 - 4 years,7,2,7,8,8,7,8,7,2,2,Text,WhatsApp,Don't use it,0 - $300,6,Italy,Italy,Over 60,WhatsApp,Facebook,web,skipe,photo,103,5.8,2,8,0.545454546,-1,0.545454546,1,1,0.545454546,1,0.545454546,-1,-1,2.435278836,-0.34682764,0.88374268,0.221820256,-1.3690918,-0.203547806,-0.589019348,0.36985866,0.208221621,-0.061457409,5,CL5
More than 6 years,Huawei,Social media,Morning,Features and functions,10-Jan,5g,3 - 4 years,1,1,1,1,1,1,2,2,1,2,Call,WhatsApp,Yes,0 - $300,4,Italy,Italy,36 - 45,WhatsApp,,,,,104,1.3,1,2,-1,-1,-1,-1,-1,-1,1,1,-1,1,-1.168618923,1.936849119,-0.596333764,-1.10841592,-0.703976854,0.448525968,-2.380356586,0.548150938,0.317150241,0.605476269,5,CL7
More than 6 years,LG,Texting,Afternoon,Features and functions,More than 60,Payment gateway,3 - 4 years,5,1,6,8,10,10,2,6,2,8,Call,WhatsApp,don't have i,$301 - $700,8,Italy,Italy,15 - 25,WhatsApp,Spotify,Facebook,Google Driv,GMail,105,5.8,1,10,-0.166666667,-1,0.047619048,0.523809524,1,1,-0.791666667,0.047619048,-0.791666667,0.523809524,1.304570718,0.841526987,-0.36843069,-0.69977405,-0.722601334,0.068699895,1.436851535,0.712427225,0.27022041,0.149554033,5,CL5
More than 6 years,Asus,Texting,Afternoon,Features and functions,Nov-35,Holograms,Over 4 years,5,4,5,6,7,8,8,4,5,9,Text,WhatsApp,No,0 - $300,6,Italy,Italy,15 - 25,Whatsapp,Facebook,Youtube,Spotify,Linkedin,106,6.1,4,9,-0.523809524,-1,-0.523809524,-0.047619048,0.310344828,0.655172414,0.655172414,-1,-0.523809524,1,1.071158735,1.536163521,-1.184072705,-0.707847036,-0.181711516,0.785061277,-0.017397097,-0.77254946,-0.313676962,0.242904809,5,CL5
More than 6 years,Google,Texting,Afternoon,Features and functions,36 - 60,Remote control,3 - 4 years,4,2,8,9,10,7,6,5,1,3,Text,WhatsApp,Don't use it,$301 - $700,10,Italy,Italy,15 - 25,WhatsApp,Tutto Napo,Facebook,Tidal,Stormbound,107,5.5,1,10,-0.333333333,-0.777777778,0.555555556,0.777777778,1,0.333333333,0.111111111,-0.111111111,-1,-0.555555556,1.963769484,-0.026575332,-0.141458739,-0.394260528,-0.564960369,-0.770208722,0.062246035,0.53303783,-0.090187044,0.144807029,5,CL5
More than 6 years,Samsung,Surfing the internet,Evening,Features and functions,36 - 60,Artificial Intelligent Smart Manager,1 - 2 years,7,6,9,10,10,6,10,5,5,7,Call,WhatsApp,Yes,More than $700,6,Italy,Italy,15 - 25,Whatsapp,Instagram,Chrome,GMaps,Spotify,108,7.5,5,10,-0.2,-0.6,0.6,1,1,-0.6,1,-1,-1,-0.2,2.343178638,-0.315290472,-0.384856749,-0.584959224,0.574149571,-0.098496269,-1.021075069,0.160477997,-0.705323716,0.142262183,5,CL5
More than 6 years,Samsung,Social media,Night,Features and functions,Nov-35,Eye recognition,1 - 2 years,8,8,10,8,8,9,10,3,3,3,Text,WhatsApp,Don't use it,More than $700,8,Chile,Italy,26 - 35,Twitter,WhatsApp,Instagram,linkedIn,chrome,109,7,3,10,0.333333333,0.333333333,1,0.333333333,0.333333333,0.666666667,1,-1,-1,-1,2.105066845,-1.000044634,-0.798632559,1.170866473,-0.12538474,-0.495356784,-0.519058785,-0.664965868,0.176866631,0.352010832,5,CL6
More than 6 years,Huawei,Navigation,Afternoon,Features and functions,Nov-35,Un suono da attivare quando non si trovare,3 - 4 years,2,2,1,1,1,1,1,2,2,1,Call,WhatsApp,Don't use it,0 - $300,1,Italy,Italy,Over 60,Google map*,,,,,110,1.4,1,2,1,1,-1,-1,-1,-1,-1,1,1,-1,-3.119597284,-1.571053274,0.685051766,0.580422094,-0.683723561,-0.065139461,-0.088537636,0.045494572,-0.285372262,-0.32664216,5,CL4
