SmartPhoneUsagePeriod,SmartPhoneBrand,MainUsagePhone,UsagePeriod,ReasonForBuying,NumApps,DesiredFeature,PurchaseFrequency,Brand,Color,CameraQuality,BatteryLife,OS,Price,ValueForMoney,Recom_Frnd_Fly,Trends,PromotionsAvailable,Call/Text,PrefMsgApp,PaymentGatewayUsage,PriceRange,PhoneDistraction,Country,CountryLiveIn,Age,Top1App,Top2App,Top3App,Top4App,Top5App
More than 6 years,Motorola,Texting,Night,Features and functions,11 - 35,Battery efficiency,1 - 2 years,1,2.0,1.0,1.0,1.0,1.0,1.0,2.0,2.0,2.0,Text,WhatsApp,Yes,0 - $300,7,India,India,15 - 25,WhatsApp, Appy Geek ,YMail,Instagram,Facebook
More than 6 years,Iphone,Surfing the internet,Morning,Features and functions,11 - 35,USB ,1 - 2 years,10,8.0,10.0,10.0,10.0,8.0,10.0,8.0,9.0,9.0,Text,WhatsApp,Yes,More than $700,5,Brazil,USA,26 - 35,WhatsApp,Safari,Gallery,Spotify,YouTube
Between 4 - 6 years,Iphone,Taking pictures,Afternoon,Features and functions,1 - 10,An app that tells you who visits your social midia profiles ,3 - 4 years,2,1.0,3.0,3.0,3.0,3.0,3.0,2.0,3.0,2.0,Text,WhatsApp,Yes,$301 - $700,7,Brazil,USA,15 - 25,Instagram,Facebook,Spotify,WhatsApp,Afterlight)
More than 6 years,Iphone,Texting,Night,Features and functions,36 - 60,Thermometer ,1 - 2 years,6,6.0,10.0,10.0,6.0,10.0,10.0,6.0,7.0,10.0,Text,Your phones built in messaging service,Yes,$301 - $700,5,USA,USA,36 - 45,Facebook,Amazon,Waze, Tinder, Grindr
Less than 2 years,Iphone,Social media,Afternoon,Features and functions,1 - 10,S,Over 4 years,2,2.0,1.0,1.0,1.0,1.0,1.0,1.0,1.0,1.0,Text,WhatsApp,Yes,0 - $300,8,Brazil,Brazil,46 - 60,Facebook,Instagram, messanger ,WhatsApp, face time
More than 6 years,Iphone,Texting,Morning,Features and functions,More than 60,Maxmilhas,3 - 4 years,10,7.0,9.0,10.0,10.0,8.0,8.0,6.0,7.0,7.0,Text,WhatsApp,Don't use it,$301 - $700,10,Brazil,Brazil,36 - 45,WhatsApp,,,,
More than 6 years,Iphone,Surfing the internet,Morning,Features and functions,11 - 35,USB ,1 - 2 years,10,8.0,10.0,10.0,10.0,8.0,10.0,8.0,9.0,9.0,Text,WhatsApp,Yes,More than $700,5,Brazil,USA,26 - 35,WhatsApp,Safari,Gallery,Spotify,YouTube
Between 4 - 6 years,Samsung,Social media,Afternoon,Features and functions,11 - 35,Best screens,1 - 2 years,1,1.0,1.0,1.0,1.0,1.0,1.0,1.0,1.0,1.0,Text,WhatsApp,Yes,$301 - $700,9,Brazil,USA,15 - 25,Netflix,hulu,Instagram,WhatsApp,YouTube
More than 6 years,Huawei,Calling,Morning,Features and functions,11 - 35,Nn lo so,3 - 4 years,2,2.0,2.0,2.0,2.0,1.0,2.0,1.0,2.0,1.0,Call,WhatsApp,Don't use it,$301 - $700,5,Italy,Italy,26 - 35,FBMessenger,GMaps,WhatsApp,Facebook, meteo
More than 6 years,Samsung,Social media,Night,Features and functions,1 - 10,Wireless charging ,3 - 4 years,4,3.0,10.0,10.0,9.0,10.0,10.0,10.0,1.0,1.0,Text,Viber,Don't use it,$301 - $700,5,Montenegro,Italy,15 - 25,Instagram,Viber,WhatsApp,FBMessenger,Facebook
More than 6 years,Iphone,Social media,Evening,Features and functions,1 - 10,Something that i can use instead of creating passwords for everything,1 - 2 years,10,10.0,9.0,9.0,8.0,10.0,10.0,10.0,10.0,10.0,Text,WhatsApp,Yes,$301 - $700,10,Mexico,Canada,26 - 35,Whatsapp,Facebook,Instagram,Safari,pinterest
Between 4 - 6 years,Iphone,Social media,Afternoon,Features and functions,11 - 35,Free music,3 - 4 years,4,10.0,10.0,10.0,10.0,10.0,10.0,10.0,10.0,10.0,Text,WhatsApp,No,$301 - $700,5,Colombia,Canada,26 - 35,WhatsApp,Facebook,Instagram,Outlook,Snapchat 
More than 6 years,Iphone,Navigation,Evening,Features and functions,11 - 35,Paying,1 - 2 years,10,1.0,10.0,10.0,10.0,7.0,1.0,1.0,1.0,1.0,Text,WhatsApp,Don't use it,$301 - $700,10,Brazil,Brazil,26 - 35,WhatsApp,Waze,Facebook,Instagram, Spotify  
Between 4 - 6 years,Infinix,Social media,Night,Features and functions,36 - 60,Not sure,1 - 2 years,7,5.0,9.0,6.0,10.0,8.0,10.0,5.0,8.0,9.0,Call,WhatsApp,Don't use it,0 - $300,9,Kenya,Italy,26 - 35,Whatsapp,Instagram,Facebook,YouTube, email
Between 4 - 6 years,Samsung,Social media,Evening,Features and functions,11 - 35,"What? Question is not clear, feature of the phone? Or the apps? ",1 - 2 years,2,3.0,4.0,8.0,2.0,4.0,8.0,2.0,1.0,7.0,Text,WhatsApp,Don't use it,0 - $300,3,Chile,Italy,26 - 35,WhatsApp,GMaps,GMail,YouTube, drive
More than 6 years,Iphone,Surfing the internet,Night,Status from the brand,1 - 10,Download Music For Free ,3 - 4 years,10,10.0,10.0,10.0,10.0,10.0,8.0,2.0,8.0,10.0,Text,WhatsApp,Yes,$301 - $700,7,Colombia,Canada ,36 - 45,Facebook,Instagram,snapshat,WhatsApp,utube 
More than 6 years,Iphone,Texting,Night,Features and functions,11 - 35,Go Pro ,3 - 4 years,8,5.0,10.0,6.0,10.0,6.0,6.0,6.0,6.0,5.0,Text,WhatsApp,Don't use it,More than $700,7,USA,Italy,26 - 35,WhatsApp,LinkedIn,Airbnb,BankAccount, calendar
More than 6 years,Motorola,Social media,Evening,Features and functions,1 - 10,Radio station.,3 - 4 years,1,1.0,2.0,2.0,2.0,1.0,1.0,2.0,2.0,1.0,Text,Your phones built in messaging service,Don't use it,0 - $300,6,India,India,36 - 45,Facebook,WhatsApp,YouTube,Outlook,
More than 6 years,Samsung,Surfing the internet,Evening,Features and functions,36 - 60,Unlocking all apps via facial recognition,1 - 2 years,3,3.0,2.0,1.0,1.0,1.0,1.0,3.0,3.0,2.0,Call,WhatsApp,Yes,$301 - $700,7,India,USA,36 - 45,GMaps,SamsungPay,Google chrome,YouTube, banking apps
More than 6 years,Samsung,Surfing the internet,Evening,Features and functions,36 - 60,Unlocking all apps via facial recognition,1 - 2 years,3,3.0,2.0,1.0,1.0,1.0,1.0,3.0,3.0,2.0,Call,WhatsApp,Yes,$301 - $700,7,India,USA,36 - 45,GMaps,SamsungPay,Google chrome,YouTube, banking apps
More than 6 years,Samsung,Social media,Evening,Features and functions,36 - 60,None,3 - 4 years,1,2.0,1.0,1.0,1.0,2.0,2.0,2.0,1.0,1.0,Text,WhatsApp,Yes,$301 - $700,9,India,USA,36 - 45,Facebook,WhatsApp,Robinhood,Scoop, 
More than 6 years,Huawei,Social media,Night,Features and functions,36 - 60,Security ,1 - 2 years,1,1.0,1.0,1.0,1.0,1.0,1.0,2.0,2.0,2.0,Text,WhatsApp,Don't use it,$301 - $700,8,India,India,26 - 35,Whatsapp,Facebook,Instagram,WynkMusic, Quora
Between 4 - 6 years,Iphone,Surfing the internet,Night,Features and functions,11 - 35,,1 - 2 years,8,5.0,10.0,10.0,10.0,8.0,10.0,9.0,7.0,8.0,Text,WhatsApp,Don't use it,$301 - $700,5,India,USA,26 - 35,Google,WhatsApp,GMaps,Facebook, Mail 
More than 6 years,Xiaomi,Surfing the internet,Evening,Features and functions,11 - 35,None,1 - 2 years,5,10.0,8.0,4.0,4.0,3.0,3.0,10.0,8.0,3.0,Text,WhatsApp,Yes,0 - $300,2,Kazakhstan,USA,26 - 35,GMail,Chrome,GMaps,Spotify,WhatsApp
More than 6 years,Huawei,Calling,Morning,Features and functions,11 - 35,que se responda solo,3 - 4 years,2,2.0,1.0,1.0,1.0,1.0,1.0,2.0,2.0,1.0,Call,WhatsApp,Don't use it,$301 - $700,8,Colombia,Colombia,Over 60,Facebook,WhatsApp,Skype,Gallery,music
More than 6 years,Iphone,Surfing the internet,Evening,Features and functions,More than 60,Nothing,3 - 4 years,7,1.0,3.0,1.0,1.0,1.0,1.0,1.0,1.0,1.0,Call,WhatsApp,No,$301 - $700,3,Italy,Italy,36 - 45,Safari,,,,
More than 6 years,Samsung,Calling,Evening,Features and functions,11 - 35,App Data recovery,3 - 4 years,2,2.0,1.0,1.0,1.0,1.0,1.0,1.0,1.0,1.0,Call,WhatsApp,Don't use it,$301 - $700,9,India,Australia,36 - 45,Whatsapp,Duo,LinkedIn,Facebook, googlemap
More than 6 years,Iphone,Calling,Evening,Features and functions,36 - 60,DSLR,3 - 4 years,2,2.0,1.0,1.0,2.0,2.0,1.0,3.0,2.0,2.0,Call,WhatsApp,No,$301 - $700,5,India,Canada ,26 - 35,Facebook,GMail,WhatsApp,YouTube,messenger
More than 6 years,HTC,Surfing the internet,Night,Features and functions,36 - 60,Battery life,1 - 2 years,8,10.0,9.0,2.0,3.0,1.0,4.0,7.0,6.0,5.0,Text,WhatsApp,Don't use it,$301 - $700,10,India,USA,26 - 35,Reddit,WhatsApp,Facebook,GMaps,GMail
Between 2 - 4 years,Google,Calling,Morning,Features and functions,11 - 35,Facial Recognition,3 - 4 years,10,8.0,8.0,10.0,10.0,10.0,10.0,10.0,10.0,8.0,Call,WhatsApp,No,0 - $300,8,India,India,26 - 35,Uber,GMaps,YouTube, WSOP, GMAIL
Between 4 - 6 years,Samsung,Social media,Morning,Features and functions,11 - 35,Movie player,1 - 2 years,2,2.0,1.0,1.0,1.0,1.0,2.0,2.0,2.0,2.0,Text,WhatsApp,Don't use it,$301 - $700,7,Mexico,Canada,26 - 35,WhatsApp,Facebook,Instagram, google, wheater
More than 6 years,Google,Social media,Night,Features and functions,11 - 35,Privacy,3 - 4 years,1,1.0,1.0,1.0,1.0,1.0,1.0,1.0,1.0,1.0,Call,WhatsApp,Don't use it,$301 - $700,7,Mexico,Canada,26 - 35,Whatsapp,Facebook,Instagram,Hotmail, gmail.
Between 4 - 6 years,Samsung,Social media,Afternoon,Features and functions,1 - 10,Payments,3 - 4 years,8,6.0,8.0,8.0,8.0,6.0,8.0,6.0,1.0,8.0,Call,WhatsApp,Yes,More than $700,2,Colombia,Italy,36 - 45,WhatsApp,Facebook,GMaps, planner,
More than 6 years,Iphone,Texting,Evening,Features and functions,11 - 35,I don’t know,1 - 2 years,1,3.0,1.0,1.0,1.0,1.0,1.0,3.0,3.0,3.0,Text,Your phones built in messaging service,Don't use it,0 - $300,5,Brazil,USA,36 - 45,Netflix, what’s up ,Facebook,YouTube,Amazon
Between 4 - 6 years,Lenovo,Calling,Evening,Features and functions,11 - 35,Hdmi,3 - 4 years,2,1.0,1.0,1.0,2.0,2.0,1.0,1.0,2.0,2.0,Call,WhatsApp,Don't use it,$301 - $700,8,India,India,36 - 45,WhatsApp, Scanner,Facebook,GMaps,Weather
Between 2 - 4 years,Vivo ,Calling,Night,Price ,11 - 35,Nothing ,3 - 4 years,2,1.0,2.0,1.0,2.0,1.0,1.0,2.0,2.0,1.0,Text,WhatsApp,No,0 - $300,4,India,India,36 - 45,Whatsapp,YouTube,Paytm,,
More than 6 years,Iphone,Calling,Morning,Features and functions,1 - 10,I don’t ,1 - 2 years,5,1.0,1.0,1.0,1.0,1.0,1.0,4.0,4.0,4.0,Call,WhatsApp,No,0 - $300,3,India,India,36 - 45,Truecaller,Facebook,WhatsApp,GMail, yahoo
More than 6 years,Samsung,Calling,Evening,Features and functions,1 - 10,Savings control,1 - 2 years,2,2.0,1.0,1.0,1.0,1.0,1.0,2.0,2.0,1.0,Text,WhatsApp,Don't use it,0 - $300,9,Mexico,Canada,26 - 35,WhatsApp,Myfitnesspal,sunlife,canada trust,meetup.com 
More than 6 years,Samsung,Calling,Night,Features and functions,11 - 35,None,1 - 2 years,1,1.0,1.0,1.0,1.0,1.0,1.0,1.0,1.0,1.0,Call,WhatsApp,Yes,0 - $300,6,Colombia,Canada,46 - 60,WhatsApp,Instagram,Facebook,telegram ,runner
More than 6 years,Iphone,Surfing the internet,Evening,Features and functions,11 - 35,Handfree option like Alexa,3 - 4 years,9,9.0,10.0,10.0,8.0,8.0,8.0,8.0,8.0,9.0,Text,WhatsApp,No,$301 - $700,9,India,USA,36 - 45,Facebook,LinkedIn,Zomato, Priceline, Skype
More than 6 years,Iphone,Calling,Evening,Features and functions,11 - 35,Wireless charging ,3 - 4 years,9,4.0,5.0,7.0,9.0,8.0,9.0,9.0,7.0,8.0,Text,WhatsApp,Yes,$301 - $700,5,Colombia,Canada ,36 - 45,WhatsApp,Flipboard,Facebook,Twitter, Spotify 
Between 2 - 4 years,Iphone,Texting,Night,Features and functions,1 - 10,Face ID,Over 4 years,7,10.0,10.0,10.0,10.0,8.0,10.0,10.0,10.0,10.0,Text,WhatsApp,No,$301 - $700,10,India,India,15 - 25,WhatsApp,Quick,VLC,Instagram,Facebook
More than 6 years,Samsung,Texting,Night,Features and functions,1 - 10,big data sharing app ,3 - 4 years,4,3.0,10.0,10.0,10.0,10.0,9.0,8.0,4.0,10.0,Text,WhatsApp,Don't use it,0 - $300,8,Ethiopia ,Italy,26 - 35,WhatsApp,LinkedIn,Viber,,
More than 6 years,Iphone,Texting,Afternoon,Status from the brand,11 - 35,Space ,3 - 4 years,10,6.0,9.0,10.0,10.0,5.0,8.0,5.0,5.0,5.0,Text,WhatsApp,Don't use it,More than $700,10,Honduras,Italy,26 - 35,WhatsApp,GMaps,Yummly,Safari, WIMB  
More than 6 years,Iphone,Texting,Evening,Features and functions,1 - 10,Take better photos ,3 - 4 years,5,3.0,8.0,9.0,6.0,7.0,10.0,2.0,4.0,1.0,Text,WhatsApp,No,0 - $300,4,Germany,Italy,26 - 35,Whatsapp, outlook,Facebook, dkb (online banking), zeit (newspaper)
More than 6 years,Iphone,Surfing the internet,Afternoon,Status from the brand,11 - 35,Holographic projections!,1 - 2 years,8,3.0,6.0,6.0,7.0,4.0,5.0,6.0,7.0,5.0,Text,WhatsApp,Yes,$301 - $700,7,Canada,Italy,36 - 45,Whatsapp,Instagram,GMail,Spotify, BBC News
More than 6 years,LG,Texting,Evening,Features and functions,11 - 35,Nothing,Over 4 years,6,1.0,7.0,7.0,4.0,8.0,8.0,5.0,1.0,6.0,Text,WhatsApp,Don't use it,0 - $300,2,USA,Italy,15 - 25,WhatsApp, reddit is fun,LINE,Facebook,GMaps
More than 6 years,Huawei,Surfing the internet,Night,Features and functions,1 - 10,,3 - 4 years,1,2.0,1.0,1.0,1.0,2.0,1.0,2.0,2.0,1.0,Text,Skype,Don't use it,$301 - $700,6,Japan,Italy,36 - 45,Facebook,Instagram,WhatsApp,Skype, wechat
More than 6 years,Lenovo,Surfing the internet,Afternoon,Features and functions,11 - 35,,3 - 4 years,5,1.0,4.0,8.0,8.0,8.0,8.0,8.0,8.0,8.0,Call,WhatsApp,Don't use it,$301 - $700,4,India,Italy,15 - 25,Instagram,GMail,GMaps, Snapchat, Telegram
More than 6 years,Iphone,Social media,Night,Status from the brand,11 - 35,I don’t know,1 - 2 years,9,5.0,10.0,10.0,10.0,7.0,9.0,6.0,7.0,8.0,Call,WhatsApp,Don't use it,$301 - $700,8,Italy,Italy,15 - 25,Whatsapp,Instagram,Facebook,YouTube, Spotify 
More than 6 years,Samsung,Surfing the internet,Morning,Status from the brand,36 - 60,VR,3 - 4 years,4,10.0,7.0,1.0,3.0,8.0,2.0,9.0,6.0,5.0,Text,WhatsApp,No,$301 - $700,5,India,USA,46 - 60,Facebook,,,,
More than 6 years,Iphone,Social media,Evening,Features and functions,1 - 10,Automatic charging,3 - 4 years,8,6.0,9.0,10.0,10.0,8.0,6.0,5.0,4.0,6.0,Call,WhatsApp,Don't use it,0 - $300,7,Italy,Italy,15 - 25,Whatsapp,Facebook,Instagram,GMail, InShot
More than 6 years,Motorola,Social media,Morning,Features and functions,1 - 10,none,3 - 4 years,5,4.0,4.0,8.0,8.0,8.0,8.0,4.0,4.0,8.0,Text,WhatsApp,Don't use it,0 - $300,7,France,Italy,36 - 45,WhatsApp,Gallery,linkedIn, calendar, email
Between 4 - 6 years,Samsung,Calling,Evening,Cost,1 - 10,,Over 4 years,1,1.0,1.0,1.0,1.0,1.0,1.0,2.0,2.0,1.0,Call,Your phones built in messaging service,No,0 - $300,3,USA,USA,26 - 35,LinkedIn,GMail,,,
More than 6 years,Iphone,Social media,Morning,Features and functions,36 - 60,?,3 - 4 years,5,6.0,10.0,10.0,10.0,10.0,10.0,5.0,5.0,5.0,Text,Your phones built in messaging service,No,$301 - $700,10,USA,USA,46 - 60,SnapChat,Instagram,Facebook,Safari, text
More than 6 years,Samsung,Surfing the internet,Evening,Features and functions,11 - 35,Turn off for required time,3 - 4 years,1,2.0,1.0,1.0,1.0,1.0,1.0,1.0,1.0,2.0,Call,WhatsApp,Don't use it,$301 - $700,10,India,USA,36 - 45,GMail,Facebook,GMaps,google,linkedIn
Between 2 - 4 years,Huawei,Texting,Morning,Features and functions,11 - 35,Don't understand the question,1 - 2 years,6,7.0,6.0,8.0,6.0,8.0,8.0,5.0,5.0,7.0,Text,WhatsApp,Don't use it,0 - $300,6,Hungary,Italy,26 - 35,Whatsapp,GMail,FBMessenger,Weather, fbook
Between 4 - 6 years,Samsung,Texting,Afternoon,Features and functions,36 - 60,none,Over 4 years,6,4.0,5.0,6.0,6.0,6.0,4.0,4.0,2.0,6.0,Text,WhatsApp,No,0 - $300,5,Italy,Italy,36 - 45,WhatsApp, firefox,RassegnaStampa,SamsungMusic, shazam
More than 6 years,Huawei,Surfing the internet,Evening,Features and functions,11 - 35,None,3 - 4 years,2,2.0,1.0,1.0,1.0,1.0,1.0,2.0,2.0,1.0,Text,WhatsApp,Don't use it,0 - $300,9,Uganda,Italy,26 - 35,Whatsapp,Facebook,linkedIn,BankAccount,Instagram
More than 6 years,Iphone,Texting,Afternoon,Status from the brand,11 - 35,nothing,3 - 4 years,7,8.0,6.0,9.0,9.0,9.0,6.0,5.0,4.0,6.0,Call,WhatsApp,Don't use it,$301 - $700,9,Italy,Italy,26 - 35,WhatsApp,Facebook,Instagram,GMaps,GMail
More than 6 years,Google,Surfing the internet,Afternoon,Features and functions,More than 60,Dual sim,1 - 2 years,2,3.0,3.0,3.0,3.0,3.0,2.0,1.0,1.0,1.0,Text,WhatsApp,Yes,$301 - $700,8,India,India,15 - 25,WhatsApp,Instagram,Newstand,Facebook,Chrome
More than 6 years,Lenovo,Social media,Night,Features and functions,11 - 35,Holograms,3 - 4 years,2,2.0,1.0,1.0,1.0,1.0,1.0,2.0,1.0,1.0,Text,WhatsApp,No,0 - $300,9,India,India,15 - 25,WhatsApp,Instagram,YouTube,Chrome, Flipkart 
More than 6 years,Iphone,Surfing the internet,Evening,Status from the brand,1 - 10,I don’t know,3 - 4 years,9,4.0,8.0,9.0,9.0,6.0,7.0,6.0,6.0,6.0,Call,WhatsApp,Don't use it,$301 - $700,8,Italy,Italy,36 - 45,Whatsapp,YouTube,Facebook,Instagram,Spotify.
Between 4 - 6 years,Motorola,Calling,Morning,Features and functions,More than 60,Charge without elecricity,1 - 2 years,2,2.0,1.0,1.0,1.0,1.0,1.0,2.0,2.0,2.0,Call,WhatsApp,Don't use it,0 - $300,7,India,India,15 - 25,WhatsApp,AmazonPrime,SonyLiv,TOI, Hotstar
More than 6 years,Samsung,Texting,Morning,Features and functions,1 - 10,Nothing,Over 4 years,2,2.0,2.0,1.0,1.0,1.0,2.0,1.0,2.0,1.0,Text,WhatsApp,Don't use it,$301 - $700,6,Brazil,Brazil,36 - 45,Whatsapp,Twitter,CandyCrush,Waze, BrB banknet
More than 6 years,Iphone,Social media,Afternoon,Status from the brand,11 - 35,Photos,1 - 2 years,1,10.0,3.0,4.0,5.0,2.0,6.0,7.0,9.0,8.0,Text,WhatsApp,Yes,$301 - $700,8,Colombia,Colombia,36 - 45,Facebook,Instagram,WhatsApp, photos, Deezer 
More than 6 years,Iphone,Playing games,Evening,Features and functions,11 - 35,Nothing ,3 - 4 years,9,7.0,8.0,9.0,9.0,8.0,8.0,9.0,7.0,8.0,Call,WhatsApp,Yes,More than $700,7,Brazil,Brazil,26 - 35,Bank,WhatsApp,Facebook,Instagram, airline companies 
Between 4 - 6 years,Iphone,Texting,Evening,Features and functions,1 - 10,Reload,1 - 2 years,8,5.0,5.0,8.0,8.0,8.0,8.0,8.0,1.0,8.0,Text,WhatsApp,Yes,$301 - $700,10,Colombia,Colombia,36 - 45,CamScanner,Radio,Linio,DaviPlata,WhatsApp
Between 4 - 6 years,Iphone,Calling,Morning,Features and functions,11 - 35,More baterry life,1 - 2 years,10,9.0,8.0,10.0,10.0,10.0,10.0,9.0,1.0,1.0,Text,WhatsApp,Don't use it,$301 - $700,7,Colombia,Colombia,36 - 45,Waze,Traductor, TripAdvisor,WhatsApp,Facebook
More than 6 years,Samsung,Surfing the internet,Night,Features and functions,11 - 35,none,Over 4 years,3,2.0,8.0,8.0,8.0,8.0,6.0,4.0,2.0,8.0,Call,WhatsApp,Don't use it,0 - $300,4,Italy,Italy,26 - 35,WhatsApp,linkedIn,GMail,amazon,skyscanner
More than 6 years,Iphone,Texting,Evening,Features and functions,11 - 35,-,3 - 4 years,8,5.0,7.0,6.0,5.0,8.0,7.0,5.0,3.0,4.0,Text,WhatsApp,Don't use it,$301 - $700,9,Colombia,Italy,26 - 35,Airbnb,Splitwise,Bank,GoEuro, Uber
Between 4 - 6 years,Xiaomi,Surfing the internet,Night,Features and functions,36 - 60,No idea,3 - 4 years,4,4.0,1.0,1.0,2.0,3.0,1.0,10.0,10.0,10.0,Call,WhatsApp,No,0 - $300,7,India,India,15 - 25,MoneyControl,whatsapp,UCBrowser,YouTube,paytm
Between 2 - 4 years,Iphone,Surfing the internet,Evening,Features and functions,1 - 10,File manager,1 - 2 years,4,2.0,6.0,6.0,6.0,5.0,5.0,3.0,3.0,3.0,Call,WhatsApp,Yes,$301 - $700,6,India,Italy,26 - 35,FBMessenger,Instagram,WhatsApp,Inshrorts,Duo
More than 6 years,Samsung,Texting,Afternoon,Features and functions,1 - 10,lenghtening battery ,1 - 2 years,6,4.0,10.0,10.0,7.0,9.0,7.0,7.0,4.0,7.0,Text,WhatsApp,Don't use it,$301 - $700,9,Italy,Italy,15 - 25,WhatsApp,Instagram,Facebook,GMaps, spotify 
More than 6 years,Xiaomi,Calling,Evening,Features and functions,11 - 35,Don't leak data please,3 - 4 years,1,2.0,1.0,1.0,1.0,1.0,1.0,1.0,2.0,2.0,Call,WhatsApp,Don't use it,0 - $300,8,India,India,15 - 25,Paytm,WhatsApp,Facebook,Instagram,Ola
More than 6 years,Iphone,Texting,Evening,Features and functions,11 - 35,Automatic turn off after charged phone,3 - 4 years,4,3.0,3.0,7.0,7.0,5.0,7.0,7.0,4.0,6.0,Call,WhatsApp,Yes,$301 - $700,7,Italy,Italy,26 - 35,Whatsapp,FBMessenger,GMaps,Note,Safari
More than 6 years,Iphone,Social media,Afternoon,Status from the brand,More than 60,the charger and earphones plug in iphone,3 - 4 years,8,8.0,8.0,8.0,8.0,5.0,8.0,8.0,8.0,8.0,Text,WhatsApp,Don't use it,More than $700,10,Venezuela,Italy,15 - 25,Facebook,FBMessenger,WhatsApp,Spotify,linkedIn
More than 6 years,Samsung,Social media,Morning,Features and functions,11 - 35,N/a,Over 4 years,1,1.0,3.0,3.0,3.0,2.0,3.0,3.0,3.0,3.0,Text,WhatsApp,No,$301 - $700,3,Canada,Canada,36 - 45,WhatsApp,Instagram,Facebook,paybyphone,
Between 4 - 6 years,Xiaomi,Texting,Night,Features and functions,36 - 60,Projector,1 - 2 years,1,6.0,5.0,4.0,7.0,10.0,9.0,2.0,3.0,8.0,Text,WhatsApp,Don't use it,0 - $300,7,India,Italy,15 - 25,WhatsApp,Duolingo,Instagram,LinkedIn,
Between 2 - 4 years,Xiaomi,Social media,Night,Features and functions,More than 60,Wireless Charging,3 - 4 years,9,7.0,3.0,4.0,5.0,6.0,8.0,2.0,1.0,10.0,Text,WhatsApp,Don't use it,0 - $300,2,India,Canada,15 - 25,WhatsApp,MortalKombat,Maps,Outlook,
Less than 2 years,Motorola,Calling,Morning,Features and functions,11 - 35,Backup,Over 4 years,10,9.0,8.0,7.0,6.0,5.0,4.0,3.0,2.0,1.0,Call,WhatsApp,Don't use it,More than $700,1,India,India,46 - 60,Maps,Gmail,Outlook,Gallery,
Less than 2 years,Sony,Calling,Evening,Features and functions,1 - 10,none,Over 4 years,1,2.0,3.0,4.0,10.0,6.0,5.0,7.0,8.0,9.0,Call,WhatsApp,Don't use it,0 - $300,1,India,India,Over 60,WhatsApp,,,,
More than 6 years,Samsung,Texting,Evening,Features and functions,11 - 35,Information searched to be read by Google ,3 - 4 years,1,1.0,1.0,1.0,1.0,1.0,1.0,1.0,4.0,4.0,Text,WhatsApp,No,0 - $300,4,India,India,26 - 35,WhatsApp,Instagram,zomato, book my show,ITS
More than 6 years,Iphone,Surfing the internet,Morning,Features and functions,1 - 10,SIMless ,Over 4 years,10,9.0,10.0,9.0,10.0,9.0,8.0,7.0,7.0,7.0,Text,WhatsApp,Don't use it,More than $700,9,India,India,26 - 35,LinkedIn,Instagram, Whatsapp,GMaps, chrome 
Between 2 - 4 years,Nokia,Calling,Morning,Features and functions,11 - 35,Not needed,Over 4 years,2,1.0,1.0,1.0,1.0,1.0,1.0,2.0,2.0,1.0,Call,WhatsApp,Yes,0 - $300,7,India,India,46 - 60,Whtsapp, f.b, google, bookg taxi,GMaps
More than 6 years,Xiaomi,Texting,Morning,Features and functions,1 - 10,Expense tracker,3 - 4 years,2,3.0,2.0,1.0,1.0,2.0,1.0,2.0,3.0,2.0,Text,WhatsApp,No,0 - $300,8,India,India,46 - 60,WhatsApp, Google photos, Quran, hijri cal, WeChat.
Between 4 - 6 years,Lenovo ,Calling,Evening,Features and functions,11 - 35,Writing messages which can be sent later at a pre scheduled time,1 - 2 years,2,2.0,2.0,2.0,1.0,1.0,1.0,1.0,2.0,2.0,Call,WhatsApp,Paytm,0 - $300,4,India,India,46 - 60,Uber,WhatsApp, Paytm,Amazon, Words with Friends
More than 6 years,Samsung,Calling,Afternoon,Features and functions,36 - 60,Computer,3 - 4 years,1,1.0,1.0,1.0,1.0,2.0,2.0,2.0,2.0,2.0,Call,WhatsApp,Don't use it,$301 - $700,7,India,India,46 - 60,WhatsApp, bank, google instant, cam scanner, railway
Between 2 - 4 years,Motorola,Calling,Afternoon,Features and functions,1 - 10,Nothing ,Over 4 years,4,1.0,2.0,1.0,1.0,1.0,1.0,1.0,4.0,1.0,Text,WhatsApp,Don't use it,0 - $300,7,India,India,36 - 45,Zomato, uber,Amazon, whatsup, flight status 
More than 6 years,Samsung,Social media,Evening,Features and functions,11 - 35,Battery which lasts for days,3 - 4 years,2,10.0,3.0,4.0,1.0,6.0,5.0,7.0,8.0,9.0,Call,WhatsApp,Don't use it,More than $700,4,India,India,15 - 25,WhatsApp, Reddit, Google Chrome, Inshorts, Snapchat
More than 6 years,Motorola,Texting,Night,Features and functions,11 - 35,Ide for coding,1 - 2 years,2,2.0,1.0,1.0,1.0,1.0,1.0,2.0,2.0,2.0,Text,WhatsApp,Yes,0 - $300,8,India,India,15 - 25,WhatsApp,Facebook,LinkedIn,Instagram, Appy Geek
More than 6 years,Samsung,Calling,Afternoon,Features and functions,11 - 35,Easy music and movies,Over 4 years,1,1.0,1.0,1.0,1.0,1.0,1.0,2.0,2.0,2.0,Call,WhatsApp,Don't use it,$301 - $700,4,India,India,46 - 60,Whatsapp,Facebook,Instagram,Google,playstore
More than 6 years,Samsung,Social media,Night,Features and functions,11 - 35,facetime,1 - 2 years,1,2.0,1.0,1.0,1.0,2.0,1.0,2.0,2.0,2.0,Text,WhatsApp,Don't use it,More than $700,6,India,India,46 - 60,firefox, watsapp, office, camera,utube
More than 6 years,OnePlus,Social media,Night,Features and functions,More than 60,3d camera,3 - 4 years,1,2.0,1.0,1.0,1.0,2.0,1.0,2.0,2.0,2.0,Text,WhatsApp,Don't use it,$301 - $700,5,India,India,36 - 45,Whatsapp,Instagram,Chrome,Facebook,GMaps
Between 4 - 6 years,Lenovo,Social media,Night,Features and functions,36 - 60,Laser-tape,3 - 4 years,8,9.0,7.0,7.0,7.0,10.0,10.0,5.0,5.0,3.0,Text,WhatsApp,No,$301 - $700,7,India,India,26 - 35,WhatsApp,Facebook,Instagram,Spotify,Chrome
Less than 2 years,Oppo,Texting,Morning,Features and functions,1 - 10,ConverTing voice msg into written,Over 4 years,1,2.0,1.0,1.0,1.0,1.0,1.0,2.0,2.0,2.0,Text,WhatsApp,Don't use it,0 - $300,2,India,India,Over 60,Ola, uber,amazon,,
More than 6 years,Iphone,Calling,Afternoon,Status from the brand,1 - 10,Cloud calling,1 - 2 years,1,2.0,1.0,2.0,1.0,1.0,1.0,2.0,1.0,3.0,Call,WhatsApp,Yes,$301 - $700,6,India,India,26 - 35,Instagram,Facebook, pinterest,GMail, whatsapp.
More than 6 years,Samsung,Texting,Afternoon,Features and functions,11 - 35,Face Recognition,1 - 2 years,5,2.0,7.0,8.0,8.0,9.0,8.0,7.0,4.0,10.0,Call,WhatsApp,Don't use it,$301 - $700,9,Italy,Italy,15 - 25,Facebook, Whatsapp, Tinder, Pornhub,Spotify
More than 6 years,Iphone,Texting,Afternoon,the interface I'm used to,11 - 35,better control power usage,3 - 4 years,6,4.0,5.0,7.0,8.0,6.0,6.0,3.0,3.0,6.0,Text,WhatsApp,Yes,$301 - $700,8,Syria,USA,26 - 35,Instagram,FBMessenger,WhatsApp, Strava,Spotify
More than 6 years,Iphone,Surfing the internet,Night,Status from the brand,11 - 35,vr,1 - 2 years,7,6.0,8.0,7.0,10.0,1.0,1.0,1.0,1.0,1.0,Text,WhatsApp,Yes,More than $700,9,Italy,Italy,26 - 35,WhatsApp, youtube,Safari, mail,Facebook
More than 6 years,Iphone,Surfing the internet,Night,Status from the brand,11 - 35,Nothing,1 - 2 years,10,8.0,8.0,9.0,9.0,8.0,6.0,4.0,10.0,4.0,Call,WhatsApp,No,More than $700,8,Italy,Italy,26 - 35,Shazam, instagram ,Facebook,what’s app, telegram
More than 6 years,OnePlus,Texting,Afternoon,Features and functions,11 - 35,customization,3 - 4 years,1,1.0,7.0,8.0,7.0,7.0,6.0,2.0,1.0,6.0,Text,Telegram,Don't use it,$301 - $700,5,Italy,Italy,15 - 25,WhatsApp, telegram,Facebook, chrome,YouTube
Between 4 - 6 years,LG,Social media,Evening,Features and functions,1 - 10,don't know,3 - 4 years,7,2.0,7.0,8.0,8.0,7.0,8.0,7.0,2.0,2.0,Text,WhatsApp,Don't use it,0 - $300,6,Italy,Italy,Over 60,WhatsApp,Facebook,web,skipe,photo  
More than 6 years,Huawei,Social media,Morning,Features and functions,1 - 10,5g,3 - 4 years,1,1.0,1.0,1.0,1.0,1.0,2.0,2.0,1.0,2.0,Call,WhatsApp,Yes,0 - $300,4,Italy,Italy,36 - 45,WhatsApp,,,,
More than 6 years,LG,Texting,Afternoon,Features and functions,More than 60,Payment gateway,3 - 4 years,5,1.0,6.0,8.0,10.0,10.0,2.0,6.0,2.0,8.0,Call,WhatsApp,don't have it,$301 - $700,8,Italy,Italy,15 - 25,WhatsApp, Spotify,Facebook, Google Drive,GMail
More than 6 years,Asus,Texting,Afternoon,Features and functions,11 - 35,Holograms,Over 4 years,5,4.0,5.0,6.0,7.0,8.0,8.0,4.0,5.0,9.0,Text,WhatsApp,No,0 - $300,6,Italy,Italy,15 - 25,Whatsapp,Facebook, Youtube,Spotify, Linkedin
More than 6 years,Google,Texting,Afternoon,Features and functions,36 - 60,Remote control,3 - 4 years,4,2.0,8.0,9.0,10.0,7.0,6.0,5.0,1.0,3.0,Text,WhatsApp,Don't use it,$301 - $700,10,Italy,Italy,15 - 25,WhatsApp, Tutto Napoli,Facebook, Tidal, Stormbound
More than 6 years,Samsung,Surfing the internet,Evening,Features and functions,36 - 60,Artificial Intelligent Smart Manager,1 - 2 years,7,6.0,9.0,10.0,10.0,6.0,10.0,5.0,5.0,7.0,Call,WhatsApp,Yes,More than $700,6,Italy,Italy,15 - 25,Whatsapp,Instagram,Chrome,GMaps,Spotify
More than 6 years,Samsung,Social media,Night,Features and functions,11 - 35,Eye recognition,1 - 2 years,8,8.0,10.0,8.0,8.0,9.0,10.0,3.0,3.0,3.0,Text,WhatsApp,Don't use it,More than $700,8,Chile,Italy,26 - 35,Twitter,WhatsApp,Instagram,linkedIn, chrome
More than 6 years,Huawei,Navigation,Afternoon,Features and functions,11 - 35,Un suono da attivare quando non si trovare,3 - 4 years,2,2.0,1.0,1.0,1.0,1.0,1.0,2.0,2.0,1.0,Call,WhatsApp,Don't use it,0 - $300,1,Italy,Italy,Over 60,Google map*rilevatore campo magnetico*banca* dieta gruppo sangue*,,,,
